id,name,gender,age,age_range,job,city,district,province,education,workplace,income_level,marital_status,has_children,nationality,ethnic_group,religion,skin_tone,hair_color,hair_style,glasses,facial_hair,birth_year,created_at,confidence_score
p0001,Nguyễn Văn A,Nam,32,30-40,công chức,Hà Nội,Đống Đa,Hà Nội,Cao đẳng,Sở Tài chính,thấp,độc thân,false,Việt Nam,Kinh,Không,trung bình,đen,ngắn,false,false,1992,2024-09-07,0.91
p0002,Nguyễn Văn A,Nam,51,50-60,công chức,Hải Phòng,Ngô Quyền,Hải Phòng,Đại học,UBND Quận,khá,độc thân,false,Việt Nam,Nùng,Thiên Chúa,tối,xám,ngắn,false,false,1973,2024-02-03,0.84
p0003,Nguyễn Văn A,Nam,47,40-50,công chức,Bắc Giang,Trần Phú,Bắc Giang,Đại học,Sở Tài chính,khá,đã kết hôn,true,Việt Nam,Nùng,Thiên Chúa,tối,đen,ngắn,false,true,1977,2024-10-07,0.91
p0004,Nguyễn Văn A,Nam,27,20-30,công chức,Phan Rang,Đô Vinh,Ninh Thuận,Thạc sĩ,Sở Nội vụ,cao,đã kết hôn,true,Việt Nam,Khmer,Thiên Chúa,trung bình,đen,dài,false,false,1997,2024-12-22,0.9
p0005,Nguyễn Văn A,Nam,35,30-40,công chức,Sóc Trăng,Phường 2,Sóc Trăng,Cao đẳng,Sở Nội vụ,trung bình,góa,true,Việt Nam,Kinh,Thiên Chúa,trung bình,đen,dài,false,true,1989,2024-07-09,0.77
p0006,Nguyễn Văn A,Nam,45,40-50,công chức,Hải Phòng,Lê Chân,Hải Phòng,Đại học,UBND Quận,cao,đã kết hôn,true,Việt Nam,Tày,Thiên Chúa,sáng,đen,ngắn,true,false,1979,2024-04-05,0.87
p0007,Nguyễn Văn A,Nam,30,30-40,công chức,Lạng Sơn,Vĩnh Trại,Lạng Sơn,Thạc sĩ,UBND Phường,trung bình,độc thân,false,Việt Nam,Kinh,Không,trung bình,đen,ngắn,false,false,1994,2024-11-24,0.78
p0008,Nguyễn Văn A,Nam,42,40-50,công chức,Yên Bái,Yên Thịnh,Yên Bái,Cao đẳng,Sở Tài chính,trung bình,đã kết hôn,true,Việt Nam,Nùng,Thiên Chúa,tối,đen,ngắn,true,false,1982,2024-11-17,0.89
p0009,Nguyễn Văn A,Nam,34,30-40,công chức,Biên Hòa,Tam Hiệp,Đồng Nai,Đại học,Sở Nội vụ,khá,đã kết hôn,false,Việt Nam,Kinh,Phật,sáng,đen,xoăn,true,true,1990,2024-01-08,0.95
p0010,Nguyễn Văn A,Nam,30,30-40,công chức,Hồ Chí Minh,Quận 1,TP.HCM,Thạc sĩ,UBND Quận,cao,đã kết hôn,false,Việt Nam,Kinh,Phật,trung bình,xám,ngắn,false,false,1994,2024-12-10,0.84
p0011,Nguyễn Văn A,Nam,48,40-50,công chức,Mỹ Tho,Phường 1,Tiền Giang,Đại học,Cục Thuế,trung bình,độc thân,false,Việt Nam,Kinh,Phật,sáng,đen,ngắn,false,false,1976,2024-02-02,0.95
p0012,Nguyễn Văn A,Nam,29,20-30,công chức,Bến Tre,Phú Tân,Bến Tre,Đại học,Sở Nội vụ,trung bình,đã kết hôn,true,Việt Nam,Kinh,Không,tối,đen,ngắn,false,false,1995,2024-11-14,0.83
p0013,Nguyễn Văn A,Nam,51,50-60,công chức,Long Xuyên,Mỹ Bình,An Giang,Đại học,UBND Phường,cao,đã kết hôn,true,Việt Nam,Tày,Phật,sáng,xám,xoăn,false,false,1973,2024-07-06,0.81
p0014,Nguyễn Văn A,Nam,40,40-50,công chức,Bắc Ninh,Suối Hoa,Bắc Ninh,Đại học,UBND Phường,khá,đã kết hôn,false,Việt Nam,Kinh,Không,tối,nâu,xoăn,true,true,1984,2024-08-16,0.8
p0015,Nguyễn Văn A,Nam,50,50-60,công chức,Hải Dương,Cẩm Thượng,Hải Dương,Cao đẳng,UBND Phường,thấp,đã kết hôn,true,Việt Nam,Khmer,Không,trung bình,đen,ngắn,true,true,1974,2024-03-07,0.82
p0016,Nguyễn Văn A,Nam,28,20-30,công chức,Đồng Hới,Đồng Phú,Quảng Bình,THPT,Cục Thuế,trung bình,độc thân,false,Việt Nam,Nùng,Phật,trung bình,xám,ngắn,false,false,1996,2024-02-20,0.77
p0017,Nguyễn Văn A,Nam,40,40-50,công chức,Quy Nhơn,Lý Thường Kiệt,Bình Định,Thạc sĩ,UBND Phường,trung bình,đã kết hôn,false,Việt Nam,Khmer,Thiên Chúa,sáng,đen,ngắn,false,false,1984,2024-04-09,0.84
p0018,Nguyễn Văn A,Nam,44,40-50,công chức,Long Xuyên,Mỹ Bình,An Giang,Thạc sĩ,Sở Tài chính,cao,độc thân,false,Việt Nam,Kinh,Thiên Chúa,trung bình,đen,ngắn,false,false,1980,2024-02-08,0.83
p0019,Nguyễn Văn A,Nam,35,30-40,công chức,Mỹ Tho,Phường 1,Tiền Giang,Thạc sĩ,Cục Thuế,khá,góa,true,Việt Nam,Kinh,Thiên Chúa,sáng,nâu,ngắn,true,true,1989,2024-02-04,0.92
p0020,Nguyễn Văn A,Nam,34,30-40,công chức,Huế,Phú Hội,Thừa Thiên Huế,Đại học,Sở Tài chính,khá,độc thân,false,Việt Nam,Kinh,Không,trung bình,đen,ngắn,true,true,1990,2024-05-02,0.75
p0021,Nguyễn Văn A,Nam,33,30-40,công chức,Quảng Ngãi,Nghĩa Lộ,Quảng Ngãi,Cao đẳng,Sở Tài chính,trung bình,đã kết hôn,true,Việt Nam,Kinh,Phật,sáng,xám,ngắn,false,false,1991,2024-07-05,0.76
p0022,Nguyễn Văn A,Nam,48,40-50,công chức,Hải Dương,Cẩm Thượng,Hải Dương,Thạc sĩ,UBND Phường,trung bình,đã kết hôn,false,Việt Nam,Kinh,Phật,trung bình,nâu,ngắn,false,false,1976,2024-03-14,0.76
p0023,Nguyễn Văn A,Nam,46,40-50,công chức,Lào Cai,Lào Cai,Lào Cai,Thạc sĩ,UBND Quận,khá,đã kết hôn,true,Việt Nam,Nùng,Không,trung bình,đen,xoăn,false,true,1978,2024-06-10,0.94
p0024,Nguyễn Văn A,Nam,39,30-40,công chức,Hải Phòng,Ngô Quyền,Hải Phòng,Đại học,UBND Phường,trung bình,đã kết hôn,false,Việt Nam,Kinh,Không,trung bình,đen,ngắn,true,true,1985,2024-02-09,0.79
p0025,Nguyễn Văn A,Nam,41,40-50,công chức,Hà Nội,Cầu Giấy,Hà Nội,Đại học,UBND Phường,trung bình,đã kết hôn,true,Việt Nam,Tày,Không,tối,đen,xoăn,false,false,1983,2024-09-26,0.87
p0026,Nguyễn Văn A,Nam,37,30-40,công chức,Biên Hòa,Tam Hiệp,Đồng Nai,THPT,UBND Quận,khá,đã kết hôn,true,Việt Nam,Tày,Thiên Chúa,tối,đen,ngắn,false,false,1987,2024-09-05,0.79
p0027,Nguyễn Văn A,Nam,49,40-50,công chức,Bảo Lộc,Lộc Phát,Lâm Đồng,Đại học,Sở Nội vụ,trung bình,đã kết hôn,false,Việt Nam,Tày,Phật,sáng,đen,ngắn,false,true,1975,2024-09-16,0.93
p0028,Nguyễn Văn A,Nam,35,30-40,công chức,Phan Rang,Đô Vinh,Ninh Thuận,Đại học,UBND Phường,khá,đã kết hôn,false,Việt Nam,Kinh,Phật,tối,đen,ngắn,false,true,1989,2024-08-20,0.95
p0029,Nguyễn Văn A,Nam,29,20-30,công chức,Long Xuyên,Mỹ Bình,An Giang,Thạc sĩ,UBND Quận,trung bình,đã kết hôn,true,Việt Nam,Kinh,Không,trung bình,đen,ngắn,true,true,1995,2024-04-06,0.93
p0030,Nguyễn Văn A,Nam,58,50-60,công chức,Long Xuyên,Mỹ Bình,An Giang,Đại học,UBND Phường,cao,đã kết hôn,false,Việt Nam,Nùng,Không,trung bình,xám,ngắn,false,false,1966,2024-10-27,0.92
p0031,Nguyễn Văn A,Nam,57,50-60,công chức,Phan Thiết,Phú Trinh,Bình Thuận,Đại học,Cục Thuế,trung bình,góa,true,Việt Nam,Tày,Phật,trung bình,xám,dài,true,false,1967,2024-05-15,0.77
p0032,Nguyễn Văn A,Nam,43,40-50,công chức,Cần Thơ,Ninh Kiều,Cần Thơ,Đại học,Sở Tài chính,khá,độc thân,false,Việt Nam,Kinh,Không,sáng,đen,ngắn,false,false,1981,2024-07-02,0.8
p0033,Nguyễn Văn A,Nam,51,50-60,công chức,Đà Lạt,Phường 1,Lâm Đồng,Thạc sĩ,Cục Thuế,thấp,góa,true,Việt Nam,Nùng,Không,trung bình,xám,xoăn,false,false,1973,2024-09-24,0.92
p0034,Nguyễn Văn A,Nam,39,30-40,công chức,Cà Mau,Phường 4,Cà Mau,Đại học,Sở Nội vụ,trung bình,đã kết hôn,true,Việt Nam,Mường,Không,trung bình,đen,dài,true,true,1985,2024-07-19,0.88
p0035,Nguyễn Văn A,Nam,26,20-30,công chức,Hồ Chí Minh,Quận 1,TP.HCM,Cao đẳng,UBND Quận,trung bình,độc thân,false,Việt Nam,Nùng,Không,trung bình,đen,ngắn,false,true,1998,2024-05-27,0.77
p0036,Nguyễn Văn A,Nam,26,20-30,công chức,Cao Bằng,Hợp Giang,Cao Bằng,THPT,Cục Thuế,cao,độc thân,false,Việt Nam,Nùng,Không,sáng,xám,ngắn,false,false,1998,2024-10-05,0.8
p0037,Nguyễn Văn A,Nam,55,50-60,công chức,Phan Rang,Đô Vinh,Ninh Thuận,Đại học,UBND Phường,trung bình,đã kết hôn,true,Việt Nam,Nùng,Phật,sáng,xám,ngắn,false,true,1969,2024-05-04,0.88
p0038,Nguyễn Văn A,Nam,44,40-50,công chức,Hà Tĩnh,Trần Phú,Hà Tĩnh,Đại học,UBND Quận,khá,độc thân,false,Việt Nam,Mường,Không,trung bình,đen,ngắn,true,true,1980,2024-10-26,0.76
p0039,Nguyễn Văn A,Nam,52,50-60,công chức,Phan Rang,Đô Vinh,Ninh Thuận,THPT,Sở Tài chính,khá,độc thân,false,Việt Nam,Nùng,Không,trung bình,xám,ngắn,false,false,1972,2024-12-05,0.85
p0040,Nguyễn Văn A,Nam,58,50-60,công chức,Tuy Hòa,Phú Lâm,Phú Yên,Đại học,Sở Tài chính,cao,ly hôn,true,Việt Nam,Kinh,Thiên Chúa,tối,xám,ngắn,false,false,1966,2024-08-08,0.92
p0041,Nguyễn Văn A,Nam,49,40-50,công chức,Thái Nguyên,Đồng Quang,Thái Nguyên,Đại học,UBND Phường,trung bình,đã kết hôn,true,Việt Nam,Mường,Phật,sáng,đen,ngắn,false,true,1975,2024-02-08,0.92
p0042,Nguyễn Văn A,Nam,56,50-60,công chức,Bạc Liêu,Phường 3,Bạc Liêu,Đại học,Sở Nội vụ,khá,đã kết hôn,true,Việt Nam,Mường,Thiên Chúa,sáng,xám,ngắn,false,true,1968,2024-08-18,0.87
p0043,Nguyễn Văn A,Nam,52,50-60,công chức,Cao Bằng,Hợp Giang,Cao Bằng,Đại học,Cục Thuế,khá,đã kết hôn,true,Việt Nam,Nùng,Phật,sáng,xám,ngắn,false,false,1972,2024-04-07,0.92
p0044,Nguyễn Văn A,Nam,42,40-50,công chức,Hà Giang,Nguyễn Trãi,Hà Giang,Tiến sĩ,Cục Thuế,trung bình,đã kết hôn,false,Việt Nam,Kinh,Không,sáng,đen,ngắn,false,false,1982,2024-01-18,0.82
p0045,Nguyễn Văn A,Nam,33,30-40,công chức,Quảng Ngãi,Nghĩa Lộ,Quảng Ngãi,Cao đẳng,UBND Quận,thấp,độc thân,false,Việt Nam,Kinh,Không,trung bình,đen,xoăn,true,false,1991,2024-07-16,0.77
p0046,Nguyễn Văn A,Nam,28,20-30,công chức,Hồ Chí Minh,Bình Chánh,TP.HCM,Thạc sĩ,Sở Nội vụ,cao,độc thân,false,Việt Nam,Nùng,Không,sáng,đen,ngắn,false,false,1996,2024-08-15,0.82
p0047,Nguyễn Văn A,Nam,52,50-60,công chức,Vinh,Hưng Dũng,Nghệ An,Đại học,Cục Thuế,khá,đã kết hôn,true,Việt Nam,Kinh,Không,sáng,xám,ngắn,false,true,1972,2024-03-01,0.84
p0048,Nguyễn Văn A,Nam,55,50-60,công chức,Nha Trang,Vĩnh Hải,Khánh Hòa,Cao đẳng,UBND Phường,khá,đã kết hôn,true,Việt Nam,Khmer,Phật,trung bình,xám,xoăn,false,true,1969,2024-07-04,0.88
p0049,Nguyễn Văn A,Nam,34,30-40,công chức,Thái Bình,Bồ Xuyên,Thái Bình,Thạc sĩ,Sở Tài chính,thấp,độc thân,false,Việt Nam,Khmer,Thiên Chúa,sáng,đen,ngắn,false,false,1990,2024-12-13,0.97
p0050,Nguyễn Văn A,Nam,57,50-60,công chức,Sóc Trăng,Phường 2,Sóc Trăng,Đại học,UBND Quận,trung bình,góa,true,Việt Nam,Nùng,Không,trung bình,xám,ngắn,false,false,1967,2024-11-27,0.81
p0051,Nguyễn Văn A,Nam,27,20-30,công chức,Lạng Sơn,Vĩnh Trại,Lạng Sơn,Đại học,Sở Nội vụ,khá,ly hôn,false,Việt Nam,Kinh,Thiên Chúa,trung bình,đen,ngắn,false,false,1997,2024-11-04,0.95
p0052,Nguyễn Văn A,Nam,46,40-50,công chức,Pleiku,Yên Thế,Gia Lai,Đại học,UBND Quận,cao,đã kết hôn,true,Việt Nam,Mường,Không,trung bình,đen,ngắn,false,true,1978,2024-11-28,0.87
p0053,Nguyễn Văn A,Nam,51,50-60,công chức,Hà Nội,Thanh Xuân,Hà Nội,Đại học,Sở Nội vụ,khá,đã kết hôn,true,Việt Nam,Khmer,Không,sáng,xám,ngắn,false,false,1973,2024-02-01,0.97
p0054,Nguyễn Văn A,Nam,40,40-50,công chức,Tây Ninh,Phường 1,Tây Ninh,Đại học,Sở Nội vụ,thấp,đã kết hôn,false,Việt Nam,Khmer,Thiên Chúa,tối,đen,xoăn,false,false,1984,2024-09-23,0.81
p0055,Nguyễn Văn A,Nam,55,50-60,công chức,Rạch Giá,Vĩnh Bảo,Kiên Giang,Đại học,Sở Nội vụ,thấp,đã kết hôn,true,Việt Nam,Nùng,Không,trung bình,xám,ngắn,true,false,1969,2024-06-26,0.87
p0056,Nguyễn Văn A,Nam,25,20-30,công chức,Nha Trang,Vĩnh Hải,Khánh Hòa,Thạc sĩ,Sở Tài chính,trung bình,đã kết hôn,false,Việt Nam,Tày,Không,tối,đen,ngắn,true,false,1999,2024-06-28,0.79
p0057,Nguyễn Văn A,Nam,40,40-50,công chức,Hà Tĩnh,Trần Phú,Hà Tĩnh,Cao đẳng,UBND Quận,khá,độc thân,false,Việt Nam,Nùng,Phật,trung bình,đen,dài,false,false,1984,2024-08-02,0.78
p0058,Nguyễn Văn A,Nam,46,40-50,công chức,Bắc Ninh,Suối Hoa,Bắc Ninh,Thạc sĩ,UBND Phường,trung bình,đã kết hôn,true,Việt Nam,Kinh,Thiên Chúa,trung bình,đen,ngắn,false,false,1978,2024-10-23,0.84
p0059,Nguyễn Văn A,Nam,30,30-40,công chức,Bắc Giang,Trần Phú,Bắc Giang,Thạc sĩ,Sở Tài chính,khá,đã kết hôn,true,Việt Nam,Khmer,Thiên Chúa,trung bình,nâu,xoăn,false,false,1994,2024-04-24,0.77
p0060,Nguyễn Văn A,Nam,31,30-40,công chức,Lạng Sơn,Vĩnh Trại,Lạng Sơn,Đại học,UBND Phường,khá,ly hôn,false,Việt Nam,Mường,Phật,trung bình,đen,ngắn,false,false,1993,2024-03-06,0.77
p0061,Nguyễn Văn A,Nam,49,40-50,công chức,Tam Kỳ,Phường An Mỹ,Quảng Nam,Đại học,Sở Nội vụ,trung bình,đã kết hôn,true,Việt Nam,Mường,Phật,trung bình,đen,xoăn,false,false,1975,2024-02-15,0.97
p0062,Nguyễn Văn A,Nam,44,40-50,công chức,Quảng Ngãi,Nghĩa Lộ,Quảng Ngãi,Đại học,UBND Quận,trung bình,đã kết hôn,true,Việt Nam,Khmer,Thiên Chúa,tối,đen,ngắn,false,false,1980,2024-01-27,0.9
p0063,Nguyễn Văn A,Nam,42,40-50,công chức,Hà Nội,Hoàn Kiếm,Hà Nội,Thạc sĩ,Cục Thuế,khá,góa,true,Việt Nam,Nùng,Thiên Chúa,trung bình,nâu,xoăn,false,true,1982,2024-04-21,0.79
p0064,Nguyễn Văn A,Nam,41,40-50,công chức,Bảo Lộc,Lộc Phát,Lâm Đồng,Đại học,Sở Nội vụ,cao,đã kết hôn,true,Việt Nam,Khmer,Không,trung bình,đen,ngắn,false,false,1983,2024-03-07,0.78
p0065,Nguyễn Văn A,Nam,48,40-50,công chức,Trà Vinh,Phường 1,Trà Vinh,Thạc sĩ,Cục Thuế,khá,đã kết hôn,true,Việt Nam,Kinh,Phật,trung bình,nâu,ngắn,false,false,1976,2024-04-28,0.91
p0066,Nguyễn Văn A,Nam,50,50-60,công chức,Bắc Giang,Trần Phú,Bắc Giang,Đại học,Cục Thuế,khá,độc thân,false,Việt Nam,Nùng,Thiên Chúa,trung bình,đen,ngắn,false,true,1974,2024-02-22,0.8
p0067,Nguyễn Văn A,Nam,26,20-30,công chức,Tam Kỳ,Phường An Mỹ,Quảng Nam,Đại học,Cục Thuế,khá,đã kết hôn,true,Việt Nam,Kinh,Thiên Chúa,trung bình,đen,ngắn,false,false,1998,2024-08-04,0.77
p0068,Nguyễn Văn A,Nam,33,30-40,công chức,Đà Lạt,Phường 1,Lâm Đồng,Đại học,UBND Quận,cao,đã kết hôn,true,Việt Nam,Mường,Không,trung bình,đen,xoăn,true,true,1991,2024-05-02,0.91
p0069,Nguyễn Văn A,Nam,38,30-40,công chức,Mỹ Tho,Phường 1,Tiền Giang,Tiến sĩ,UBND Quận,khá,độc thân,false,Việt Nam,Kinh,Không,trung bình,đen,xoăn,false,false,1986,2024-08-03,0.9
p0070,Nguyễn Văn A,Nam,26,20-30,công chức,Hà Nội,Thanh Xuân,Hà Nội,Cao đẳng,Sở Tài chính,thấp,đã kết hôn,false,Việt Nam,Kinh,Không,trung bình,đen,ngắn,false,true,1998,2024-05-28,0.98
p0071,Nguyễn Văn A,Nam,33,30-40,công chức,Sóc Trăng,Phường 2,Sóc Trăng,Thạc sĩ,Sở Tài chính,thấp,đã kết hôn,false,Việt Nam,Kinh,Không,trung bình,nâu,ngắn,false,false,1991,2024-09-04,0.92
p0072,Nguyễn Văn A,Nam,55,50-60,công chức,Mỹ Tho,Phường 1,Tiền Giang,Đại học,Sở Tài chính,thấp,đã kết hôn,true,Việt Nam,Tày,Không,sáng,xám,ngắn,false,true,1969,2024-01-16,0.94
p0073,Nguyễn Văn A,Nam,52,50-60,công chức,Bảo Lộc,Lộc Phát,Lâm Đồng,Đại học,UBND Phường,cao,đã kết hôn,false,Việt Nam,Mường,Thiên Chúa,trung bình,xám,ngắn,false,false,1972,2024-07-20,0.87
p0074,Nguyễn Văn A,Nam,54,50-60,công chức,Bến Tre,Phú Tân,Bến Tre,Đại học,Cục Thuế,khá,đã kết hôn,true,Việt Nam,Kinh,Không,tối,xám,ngắn,false,true,1970,2024-06-27,0.85
p0075,Nguyễn Văn A,Nam,51,50-60,công chức,Hà Giang,Nguyễn Trãi,Hà Giang,Đại học,UBND Phường,trung bình,đã kết hôn,true,Việt Nam,Tày,Không,trung bình,xám,ngắn,false,false,1973,2024-12-24,0.84
p0076,Nguyễn Văn A,Nam,33,30-40,công chức,Bạc Liêu,Phường 3,Bạc Liêu,Đại học,UBND Phường,trung bình,độc thân,false,Việt Nam,Khmer,Không,sáng,đen,ngắn,true,true,1991,2024-05-20,0.82
p0077,Nguyễn Văn A,Nam,31,30-40,công chức,Hà Tĩnh,Trần Phú,Hà Tĩnh,Cao đẳng,Cục Thuế,khá,độc thân,false,Việt Nam,Nùng,Không,sáng,nâu,ngắn,false,true,1993,2024-09-25,0.94
p0078,Nguyễn Văn A,Nam,26,20-30,công chức,Đông Hà,Phường 1,Quảng Trị,THPT,Sở Tài chính,trung bình,đã kết hôn,true,Việt Nam,Khmer,Không,trung bình,đen,ngắn,false,true,1998,2024-02-24,0.87
p0079,Nguyễn Văn A,Nam,49,40-50,công chức,Pleiku,Yên Thế,Gia Lai,Đại học,UBND Quận,trung bình,đã kết hôn,true,Việt Nam,Khmer,Không,trung bình,đen,ngắn,false,false,1975,2024-05-15,0.9
p0080,Nguyễn Văn A,Nam,56,50-60,công chức,Đông Hà,Phường 1,Quảng Trị,Đại học,UBND Quận,trung bình,đã kết hôn,true,Việt Nam,Kinh,Không,sáng,xám,ngắn,false,false,1968,2024-04-13,0.98
p0081,Nguyễn Văn A,Nam,28,20-30,công chức,Hà Nội,Hoàn Kiếm,Hà Nội,Đại học,Sở Nội vụ,trung bình,độc thân,false,Việt Nam,Tày,Phật,sáng,đen,ngắn,false,true,1996,2024-09-18,0.94
p0082,Nguyễn Văn A,Nam,47,40-50,công chức,Hà Nội,Bắc Từ Liêm,Hà Nội,Thạc sĩ,UBND Quận,thấp,độc thân,false,Việt Nam,Tày,Thiên Chúa,tối,nâu,ngắn,false,false,1977,2024-02-13,0.75
p0083,Nguyễn Văn A,Nam,45,40-50,công chức,Đà Nẵng,Hải Châu,Đà Nẵng,Đại học,Cục Thuế,khá,đã kết hôn,true,Việt Nam,Khmer,Thiên Chúa,sáng,đen,ngắn,true,false,1979,2024-04-11,0.93
p0084,Nguyễn Văn A,Nam,29,20-30,công chức,Bến Tre,Phú Tân,Bến Tre,Đại học,UBND Phường,trung bình,đã kết hôn,true,Việt Nam,Kinh,Phật,tối,đen,ngắn,false,false,1995,2024-11-03,0.79
p0085,Nguyễn Văn A,Nam,56,50-60,công chức,Long Xuyên,Mỹ Bình,An Giang,Thạc sĩ,Cục Thuế,trung bình,góa,true,Việt Nam,Kinh,Không,trung bình,xám,ngắn,false,true,1968,2024-02-16,0.85
p0086,Nguyễn Văn A,Nam,44,40-50,công chức,Lào Cai,Lào Cai,Lào Cai,Đại học,Sở Tài chính,trung bình,độc thân,false,Việt Nam,Nùng,Không,trung bình,đen,ngắn,false,false,1980,2024-10-20,0.87
p0087,Nguyễn Văn A,Nam,54,50-60,công chức,Đồng Hới,Đồng Phú,Quảng Bình,Tiến sĩ,Cục Thuế,khá,độc thân,false,Việt Nam,Mường,Phật,tối,xám,ngắn,false,false,1970,2024-01-15,0.77
p0088,Nguyễn Văn A,Nam,46,40-50,công chức,Tây Ninh,Phường 1,Tây Ninh,Đại học,UBND Phường,trung bình,đã kết hôn,true,Việt Nam,Tày,Thiên Chúa,trung bình,đen,ngắn,false,false,1978,2024-11-20,0.76
p0089,Nguyễn Văn A,Nam,46,40-50,công chức,Hà Nội,Bắc Từ Liêm,Hà Nội,THPT,Sở Tài chính,khá,đã kết hôn,true,Việt Nam,Kinh,Thiên Chúa,trung bình,xám,xoăn,false,false,1978,2024-05-21,0.91
p0090,Nguyễn Văn A,Nam,50,50-60,công chức,Hồ Chí Minh,Tân Bình,TP.HCM,Thạc sĩ,Cục Thuế,thấp,đã kết hôn,true,Việt Nam,Mường,Không,sáng,đen,ngắn,true,true,1974,2024-11-22,0.85
p0091,Nguyễn Văn A,Nam,48,40-50,công chức,Hà Nội,Đống Đa,Hà Nội,Đại học,Sở Tài chính,cao,đã kết hôn,true,Việt Nam,Mường,Không,sáng,xám,ngắn,true,false,1976,2024-11-11,0.95
p0092,Nguyễn Văn A,Nam,33,30-40,công chức,Đông Hà,Phường 1,Quảng Trị,Cao đẳng,UBND Quận,trung bình,đã kết hôn,true,Việt Nam,Tày,Thiên Chúa,tối,đen,ngắn,false,false,1991,2024-12-26,0.85
p0093,Nguyễn Văn A,Nam,40,40-50,công chức,Vinh,Hưng Dũng,Nghệ An,Thạc sĩ,UBND Quận,trung bình,đã kết hôn,true,Việt Nam,Kinh,Phật,trung bình,nâu,ngắn,false,false,1984,2024-10-05,0.95
p0094,Nguyễn Văn A,Nam,28,20-30,công chức,Tuy Hòa,Phú Lâm,Phú Yên,Thạc sĩ,UBND Quận,trung bình,độc thân,false,Việt Nam,Mường,Phật,tối,nâu,ngắn,false,true,1996,2024-07-03,0.97
p0095,Nguyễn Văn A,Nam,39,30-40,công chức,Sơn La,Tô Hiệu,Sơn La,Thạc sĩ,UBND Quận,cao,đã kết hôn,true,Việt Nam,Kinh,Thiên Chúa,trung bình,đen,ngắn,false,false,1985,2024-03-05,0.76
p0096,Nguyễn Văn A,Nam,55,50-60,công chức,Thủ Dầu Một,Phú Thọ,Bình Dương,Thạc sĩ,Sở Nội vụ,trung bình,đã kết hôn,true,Việt Nam,Mường,Không,sáng,xám,ngắn,true,false,1969,2024-02-25,0.82
p0097,Nguyễn Văn A,Nam,44,40-50,công chức,Hồ Chí Minh,Quận 3,TP.HCM,Cao đẳng,UBND Phường,khá,đã kết hôn,false,Việt Nam,Khmer,Phật,tối,đen,ngắn,false,false,1980,2024-05-14,0.75
p0098,Nguyễn Văn A,Nam,47,40-50,công chức,Cần Thơ,Ninh Kiều,Cần Thơ,Đại học,Cục Thuế,khá,độc thân,false,Việt Nam,Mường,Không,tối,đen,ngắn,true,false,1977,2024-07-28,0.86
p0099,Nguyễn Văn A,Nam,49,40-50,công chức,Biên Hòa,Tam Hiệp,Đồng Nai,Thạc sĩ,Sở Tài chính,trung bình,độc thân,false,Việt Nam,Kinh,Không,sáng,đen,ngắn,true,false,1975,2024-06-18,0.83
p0100,Nguyễn Văn A,Nam,36,30-40,công chức,Hòa Bình,Phương Lâm,Hòa Bình,Tiến sĩ,UBND Quận,trung bình,đã kết hôn,false,Việt Nam,Kinh,Thiên Chúa,trung bình,xám,ngắn,true,false,1988,2024-05-17,0.84
p0101,Nguyễn Văn A,Nam,55,50-60,công chức,Cần Thơ,Cái Răng,Cần Thơ,Thạc sĩ,UBND Phường,trung bình,đã kết hôn,true,Việt Nam,Tày,Không,tối,xám,ngắn,false,false,1969,2024-07-11,0.97
p0102,Nguyễn Văn A,Nam,56,50-60,công chức,Thủ Dầu Một,Phú Thọ,Bình Dương,Đại học,UBND Quận,khá,đã kết hôn,false,Việt Nam,Kinh,Thiên Chúa,trung bình,xám,ngắn,false,true,1968,2024-02-03,0.83
p0103,Nguyễn Văn A,Nam,43,40-50,công chức,Vinh,Hưng Dũng,Nghệ An,Đại học,UBND Quận,trung bình,đã kết hôn,true,Việt Nam,Nùng,Không,sáng,nâu,ngắn,false,true,1981,2024-02-22,0.9
p0104,Nguyễn Văn A,Nam,48,40-50,công chức,Bến Tre,Phú Tân,Bến Tre,Tiến sĩ,Sở Nội vụ,thấp,đã kết hôn,true,Việt Nam,Mường,Không,sáng,đen,ngắn,false,false,1976,2024-10-05,0.91
p0105,Nguyễn Văn A,Nam,48,40-50,công chức,Biên Hòa,Tam Hiệp,Đồng Nai,Thạc sĩ,UBND Quận,trung bình,đã kết hôn,true,Việt Nam,Tày,Không,trung bình,đen,ngắn,false,true,1976,2024-05-25,0.81
p0106,Nguyễn Văn A,Nam,53,50-60,công chức,Hải Phòng,Lê Chân,Hải Phòng,Đại học,Cục Thuế,cao,đã kết hôn,false,Việt Nam,Kinh,Thiên Chúa,tối,xám,ngắn,false,true,1971,2024-11-12,0.91
p0107,Nguyễn Văn A,Nam,43,40-50,công chức,Hải Dương,Cẩm Thượng,Hải Dương,Thạc sĩ,Sở Tài chính,khá,ly hôn,true,Việt Nam,Nùng,Không,trung bình,đen,ngắn,false,false,1981,2024-01-12,0.88
p0108,Nguyễn Văn A,Nam,48,40-50,công chức,Long Xuyên,Mỹ Bình,An Giang,Cao đẳng,Cục Thuế,khá,độc thân,false,Việt Nam,Mường,Không,trung bình,đen,ngắn,false,false,1976,2024-03-11,0.9
p0109,Nguyễn Văn A,Nam,53,50-60,công chức,Long Xuyên,Mỹ Bình,An Giang,Đại học,Cục Thuế,khá,ly hôn,true,Việt Nam,Kinh,Không,sáng,xám,xoăn,true,false,1971,2024-09-05,0.82
p0110,Nguyễn Văn A,Nam,35,30-40,công chức,Buôn Ma Thuột,Tân Lợi,Đắk Lắk,Đại học,Sở Nội vụ,cao,ly hôn,true,Việt Nam,Mường,Không,sáng,đen,ngắn,false,false,1989,2024-09-21,0.79
p0111,Nguyễn Văn A,Nam,34,30-40,công chức,Đà Nẵng,Hải Châu,Đà Nẵng,Thạc sĩ,Cục Thuế,khá,đã kết hôn,true,Việt Nam,Khmer,Phật,tối,đen,ngắn,false,false,1990,2024-10-14,0.89
p0112,Nguyễn Văn A,Nam,26,20-30,công chức,Cà Mau,Phường 4,Cà Mau,Đại học,Cục Thuế,cao,đã kết hôn,true,Việt Nam,Tày,Không,trung bình,đen,ngắn,false,false,1998,2024-04-11,0.89
p0113,Nguyễn Văn A,Nam,45,40-50,công chức,Bắc Ninh,Suối Hoa,Bắc Ninh,Thạc sĩ,Sở Tài chính,khá,góa,false,Việt Nam,Kinh,Phật,trung bình,đen,ngắn,false,false,1979,2024-02-02,0.82
p0114,Nguyễn Văn A,Nam,49,40-50,công chức,Bắc Ninh,Suối Hoa,Bắc Ninh,Đại học,Cục Thuế,cao,ly hôn,true,Việt Nam,Tày,Không,tối,đen,ngắn,true,false,1975,2024-05-16,0.76
p0115,Nguyễn Văn A,Nam,50,50-60,công chức,Bến Tre,Phú Tân,Bến Tre,Tiến sĩ,UBND Quận,trung bình,đã kết hôn,false,Việt Nam,Nùng,Không,trung bình,nâu,ngắn,false,false,1974,2024-07-05,0.95
p0116,Nguyễn Văn A,Nam,48,40-50,công chức,Lạng Sơn,Vĩnh Trại,Lạng Sơn,Đại học,UBND Quận,trung bình,đã kết hôn,false,Việt Nam,Mường,Không,trung bình,đen,ngắn,false,true,1976,2024-03-04,0.84
p0117,Nguyễn Văn A,Nam,46,40-50,công chức,Bạc Liêu,Phường 3,Bạc Liêu,Thạc sĩ,Sở Tài chính,trung bình,đã kết hôn,true,Việt Nam,Mường,Phật,sáng,đen,ngắn,false,false,1978,2024-06-20,0.82
p0118,Nguyễn Văn A,Nam,50,50-60,công chức,Tam Kỳ,Phường An Mỹ,Quảng Nam,Đại học,Sở Tài chính,trung bình,đã kết hôn,true,Việt Nam,Tày,Thiên Chúa,trung bình,đen,ngắn,false,false,1974,2024-12-28,0.91
p0119,Nguyễn Văn A,Nam,26,20-30,công chức,Đông Hà,Phường 1,Quảng Trị,Đại học,UBND Quận,khá,ly hôn,true,Việt Nam,Nùng,Không,sáng,đen,ngắn,true,false,1998,2024-03-27,0.91
p0120,Nguyễn Văn A,Nam,27,20-30,công chức,Hà Tĩnh,Trần Phú,Hà Tĩnh,Cao đẳng,UBND Phường,trung bình,đã kết hôn,true,Việt Nam,Khmer,Không,sáng,đen,ngắn,true,false,1997,2024-12-05,0.87
p0121,Nguyễn Văn A,Nam,45,40-50,công chức,Phan Rang,Đô Vinh,Ninh Thuận,Đại học,UBND Quận,trung bình,đã kết hôn,true,Việt Nam,Khmer,Thiên Chúa,sáng,đen,ngắn,false,true,1979,2024-10-16,0.79
p0122,Nguyễn Văn A,Nam,40,40-50,công chức,Huế,Phú Hội,Thừa Thiên Huế,Đại học,Cục Thuế,cao,góa,true,Việt Nam,Nùng,Thiên Chúa,trung bình,đen,ngắn,false,false,1984,2024-05-04,0.88
p0123,Nguyễn Văn A,Nam,49,40-50,công chức,Hải Dương,Cẩm Thượng,Hải Dương,Thạc sĩ,UBND Quận,cao,đã kết hôn,true,Việt Nam,Tày,Phật,sáng,đen,ngắn,false,false,1975,2024-04-27,0.87
p0124,Nguyễn Văn A,Nam,42,40-50,công chức,Hồ Chí Minh,Tân Bình,TP.HCM,Đại học,UBND Phường,trung bình,đã kết hôn,true,Việt Nam,Kinh,Phật,trung bình,đen,ngắn,false,false,1982,2024-01-18,0.97
p0125,Nguyễn Văn A,Nam,35,30-40,công chức,Pleiku,Yên Thế,Gia Lai,Đại học,UBND Quận,trung bình,ly hôn,true,Việt Nam,Khmer,Không,trung bình,xám,ngắn,false,false,1989,2024-03-14,0.95
p0126,Nguyễn Văn A,Nam,36,30-40,công chức,Nam Định,Vị Hoàng,Nam Định,Tiến sĩ,UBND Phường,trung bình,đã kết hôn,true,Việt Nam,Kinh,Thiên Chúa,tối,xám,xoăn,false,false,1988,2024-05-15,0.98
p0127,Nguyễn Văn A,Nam,58,50-60,công chức,Cà Mau,Phường 4,Cà Mau,Thạc sĩ,Sở Nội vụ,trung bình,đã kết hôn,false,Việt Nam,Khmer,Thiên Chúa,sáng,xám,ngắn,false,false,1966,2024-05-19,0.91
p0128,Nguyễn Văn A,Nam,37,30-40,công chức,Đà Nẵng,Thanh Khê,Đà Nẵng,Thạc sĩ,Cục Thuế,khá,đã kết hôn,true,Việt Nam,Kinh,Không,sáng,đen,ngắn,false,false,1987,2024-05-13,0.8
p0129,Nguyễn Văn A,Nam,42,40-50,công chức,Thái Nguyên,Đồng Quang,Thái Nguyên,Đại học,Sở Tài chính,trung bình,đã kết hôn,true,Việt Nam,Khmer,Thiên Chúa,sáng,đen,ngắn,false,false,1982,2024-12-04,0.9
p0130,Nguyễn Văn A,Nam,43,40-50,công chức,Biên Hòa,Tam Hiệp,Đồng Nai,Cao đẳng,Cục Thuế,cao,đã kết hôn,true,Việt Nam,Nùng,Phật,tối,đen,ngắn,true,true,1981,2024-04-22,0.92
p0131,Nguyễn Văn A,Nam,30,30-40,công chức,Trà Vinh,Phường 1,Trà Vinh,Đại học,UBND Quận,trung bình,ly hôn,false,Việt Nam,Nùng,Không,tối,xám,ngắn,false,false,1994,2024-02-22,0.8
p0132,Nguyễn Văn A,Nam,56,50-60,công chức,Hồ Chí Minh,Quận 1,TP.HCM,Đại học,Cục Thuế,thấp,đã kết hôn,true,Việt Nam,Kinh,Không,trung bình,xám,ngắn,false,true,1968,2024-05-27,0.75
p0133,Nguyễn Văn A,Nam,38,30-40,công chức,Đồng Hới,Đồng Phú,Quảng Bình,THPT,UBND Phường,trung bình,độc thân,false,Việt Nam,Tày,Phật,tối,xám,ngắn,false,true,1986,2024-03-25,0.9
p0134,Nguyễn Văn A,Nam,51,50-60,công chức,Biên Hòa,Tam Hiệp,Đồng Nai,Đại học,UBND Quận,cao,đã kết hôn,false,Việt Nam,Kinh,Phật,tối,xám,xoăn,true,false,1973,2024-09-13,0.87
p0135,Nguyễn Văn A,Nam,39,30-40,công chức,Hòa Bình,Phương Lâm,Hòa Bình,Thạc sĩ,UBND Phường,cao,đã kết hôn,true,Việt Nam,Kinh,Không,trung bình,đen,ngắn,false,false,1985,2024-01-26,0.9
p0136,Nguyễn Văn A,Nam,26,20-30,công chức,Cần Thơ,Ninh Kiều,Cần Thơ,THPT,Sở Nội vụ,trung bình,đã kết hôn,true,Việt Nam,Nùng,Không,tối,đen,ngắn,false,false,1998,2024-03-17,0.98
p0137,Nguyễn Văn A,Nam,39,30-40,công chức,Sơn La,Tô Hiệu,Sơn La,Đại học,Cục Thuế,trung bình,đã kết hôn,true,Việt Nam,Kinh,Phật,sáng,đen,ngắn,false,false,1985,2024-11-22,0.85
p0138,Nguyễn Văn A,Nam,56,50-60,công chức,Hà Nội,Thanh Xuân,Hà Nội,Thạc sĩ,Sở Tài chính,khá,ly hôn,true,Việt Nam,Tày,Phật,trung bình,xám,ngắn,true,false,1968,2024-04-10,0.95
p0139,Nguyễn Văn A,Nam,34,30-40,công chức,Điện Biên Phủ,Mường Thanh,Điện Biên,Thạc sĩ,UBND Quận,trung bình,ly hôn,true,Việt Nam,Nùng,Thiên Chúa,sáng,đen,ngắn,true,false,1990,2024-02-18,0.92
p0140,Nguyễn Văn A,Nam,37,30-40,công chức,Hà Nội,Thanh Xuân,Hà Nội,Đại học,Sở Tài chính,khá,độc thân,false,Việt Nam,Kinh,Thiên Chúa,sáng,nâu,ngắn,false,true,1987,2024-05-01,0.8
p0141,Nguyễn Văn A,Nam,37,30-40,công chức,Cao Bằng,Hợp Giang,Cao Bằng,Thạc sĩ,UBND Phường,khá,ly hôn,true,Việt Nam,Tày,Thiên Chúa,trung bình,đen,ngắn,false,false,1987,2024-05-09,0.83
p0142,Nguyễn Văn A,Nam,56,50-60,công chức,Long Xuyên,Mỹ Bình,An Giang,Thạc sĩ,UBND Phường,khá,ly hôn,true,Việt Nam,Khmer,Phật,sáng,xám,ngắn,true,false,1968,2024-01-09,0.88
p0143,Nguyễn Văn A,Nam,51,50-60,công chức,Nha Trang,Vĩnh Hải,Khánh Hòa,Cao đẳng,Sở Nội vụ,trung bình,đã kết hôn,false,Việt Nam,Tày,Không,trung bình,xám,xoăn,true,false,1973,2024-08-06,0.92
p0144,Nguyễn Văn A,Nam,47,40-50,công chức,Đà Nẵng,Hải Châu,Đà Nẵng,Thạc sĩ,Sở Nội vụ,trung bình,ly hôn,true,Việt Nam,Khmer,Không,trung bình,đen,ngắn,true,true,1977,2024-01-14,0.78
p0145,Nguyễn Văn A,Nam,39,30-40,công chức,Hà Nội,Bắc Từ Liêm,Hà Nội,THPT,Sở Nội vụ,trung bình,đã kết hôn,true,Việt Nam,Mường,Không,trung bình,đen,ngắn,false,false,1985,2024-01-01,0.87
p0146,Nguyễn Văn A,Nam,42,40-50,công chức,Sóc Trăng,Phường 2,Sóc Trăng,THPT,Sở Tài chính,khá,đã kết hôn,true,Việt Nam,Mường,Thiên Chúa,tối,đen,ngắn,false,false,1982,2024-06-09,0.93
p0147,Nguyễn Văn A,Nam,30,30-40,công chức,Biên Hòa,Tam Hiệp,Đồng Nai,Đại học,UBND Quận,trung bình,đã kết hôn,true,Việt Nam,Tày,Không,tối,đen,xoăn,false,false,1994,2024-07-18,0.86
p0148,Nguyễn Văn A,Nam,25,20-30,công chức,Thủ Dầu Một,Phú Thọ,Bình Dương,THPT,Sở Nội vụ,khá,đã kết hôn,false,Việt Nam,Kinh,Phật,sáng,xám,xoăn,true,true,1999,2024-12-19,0.86
p0149,Nguyễn Văn A,Nam,27,20-30,công chức,Nam Định,Vị Hoàng,Nam Định,Đại học,UBND Phường,trung bình,đã kết hôn,true,Việt Nam,Nùng,Không,sáng,nâu,ngắn,false,false,1997,2024-02-10,0.79
p0150,Nguyễn Văn A,Nam,40,40-50,công chức,Hà Tĩnh,Trần Phú,Hà Tĩnh,Đại học,UBND Quận,trung bình,đã kết hôn,true,Việt Nam,Kinh,Không,trung bình,đen,ngắn,false,true,1984,2024-04-27,0.77
p0151,Nguyễn Văn B,Nam,47,40-50,dược sĩ,Yên Bái,Yên Thịnh,Yên Bái,Đại học,Nhà thuốc Long Châu,khá,đã kết hôn,false,Việt Nam,Nùng,Thiên Chúa,trung bình,đen,ngắn,false,false,1977,2024-04-23,0.77
p0152,Nguyễn Văn B,Nam,39,30-40,nhân viên ngân hàng,Hồ Chí Minh,Bình Chánh,TP.HCM,Thạc sĩ,Agribank,khá,đã kết hôn,false,Việt Nam,Tày,Không,sáng,đen,ngắn,false,false,1985,2024-02-01,0.77
p0153,Nguyễn Văn B,Nam,27,20-30,dược sĩ,Đông Hà,Phường 1,Quảng Trị,THPT,Nhà thuốc Pharmacity,trung bình,đã kết hôn,true,Việt Nam,Kinh,Phật,trung bình,xám,ngắn,false,false,1997,2024-05-10,0.81
p0154,Nguyễn Văn B,Nam,31,30-40,lập trình viên,Hà Nội,Bắc Từ Liêm,Hà Nội,Đại học,Viettel Digital,khá,đã kết hôn,true,Việt Nam,Kinh,Thiên Chúa,tối,đen,ngắn,false,false,1993,2024-01-13,0.83
p0155,Nguyễn Văn B,Nam,46,40-50,dược sĩ,Điện Biên Phủ,Mường Thanh,Điện Biên,Đại học,Nhà thuốc Pharmacity,khá,ly hôn,true,Việt Nam,Tày,Thiên Chúa,sáng,đen,xoăn,false,false,1978,2024-05-24,0.91
p0156,Nguyễn Văn B,Nam,53,50-60,nông dân,Hà Tĩnh,Trần Phú,Hà Tĩnh,Đại học,Trang trại tư nhân,khá,đã kết hôn,false,Việt Nam,Mường,Không,trung bình,xám,ngắn,false,false,1971,2024-12-15,0.97
p0157,Nguyễn Văn B,Nam,35,30-40,y tá,Mỹ Tho,Phường 1,Tiền Giang,THPT,Phòng khám nhi,khá,đã kết hôn,true,Việt Nam,Tày,Không,sáng,đen,ngắn,false,false,1989,2024-08-20,0.86
p0158,Nguyễn Văn B,Nam,47,40-50,nhà thiết kế,Sóc Trăng,Phường 2,Sóc Trăng,Đại học,Freelancer,thấp,ly hôn,true,Việt Nam,Khmer,Thiên Chúa,tối,đen,xoăn,false,false,1977,2024-03-21,0.89
p0159,Nguyễn Văn B,Nam,47,40-50,dược sĩ,Lạng Sơn,Vĩnh Trại,Lạng Sơn,Cao đẳng,Nhà thuốc Pharmacity,thấp,đã kết hôn,true,Việt Nam,Khmer,Phật,trung bình,đen,ngắn,false,false,1977,2024-06-01,0.86
p0160,Nguyễn Văn B,Nam,40,40-50,bác sĩ,Pleiku,Yên Thế,Gia Lai,Thạc sĩ,Bệnh viện Bạch Mai,cao,đã kết hôn,true,Việt Nam,Tày,Thiên Chúa,trung bình,đen,ngắn,true,false,1984,2024-02-10,0.76
p0161,Nguyễn Văn B,Nam,29,20-30,dược sĩ,Hà Nội,Đống Đa,Hà Nội,Cao đẳng,BV Phụ sản TW,khá,ly hôn,true,Việt Nam,Nùng,Không,trung bình,đen,ngắn,false,false,1995,2024-11-06,0.79
p0162,Nguyễn Văn B,Nam,49,40-50,giáo viên,Quy Nhơn,Lý Thường Kiệt,Bình Định,Thạc sĩ,CĐ Kinh tế,trung bình,đã kết hôn,false,Việt Nam,Nùng,Phật,sáng,đen,ngắn,false,true,1975,2024-06-11,0.8
p0163,Nguyễn Văn B,Nam,29,20-30,phóng viên,Cần Thơ,Cái Răng,Cần Thơ,Đại học,Báo Tuổi Trẻ,khá,đã kết hôn,true,Việt Nam,Mường,Không,tối,đen,dài,false,true,1995,2024-11-05,0.82
p0164,Nguyễn Văn B,Nam,37,30-40,luật sư,Vinh,Hưng Dũng,Nghệ An,Đại học,Công ty Luật Việt Nam,trung bình,đã kết hôn,true,Việt Nam,Kinh,Phật,trung bình,đen,ngắn,true,false,1987,2024-08-10,0.78
p0165,Nguyễn Văn B,Nam,42,40-50,nhân viên văn phòng,Hòa Bình,Phương Lâm,Hòa Bình,THPT,Công ty CP XD,trung bình,độc thân,false,Việt Nam,Khmer,Không,sáng,nâu,xoăn,false,false,1982,2024-07-23,0.94
p0166,Nguyễn Văn B,Nam,53,50-60,bác sĩ,Đà Nẵng,Hải Châu,Đà Nẵng,Thạc sĩ,Bệnh viện Bạch Mai,trung bình,độc thân,false,Việt Nam,Nùng,Không,sáng,xám,ngắn,false,true,1971,2024-09-17,0.78
p0167,Nguyễn Văn B,Nam,29,20-30,quản lý,Huế,Phú Hội,Thừa Thiên Huế,Đại học,Khách sạn Mường Thanh,cao,đã kết hôn,true,Việt Nam,Nùng,Không,sáng,đen,ngắn,false,true,1995,2024-08-09,0.83
p0168,Nguyễn Văn B,Nam,27,20-30,luật sư,Mỹ Tho,Phường 1,Tiền Giang,Cao đẳng,Công ty Luật Việt Nam,cao,đã kết hôn,true,Việt Nam,Nùng,Không,trung bình,đen,ngắn,true,true,1997,2024-10-12,0.87
p0169,Nguyễn Văn B,Nam,32,30-40,y tá,Buôn Ma Thuột,Tân Lợi,Đắk Lắk,Đại học,Trạm Y tế xã,cao,đã kết hôn,true,Việt Nam,Kinh,Phật,tối,đen,ngắn,false,false,1992,2024-12-28,0.78
p0170,Nguyễn Văn B,Nam,31,30-40,dược sĩ,Tây Ninh,Phường 1,Tây Ninh,Thạc sĩ,Nhà thuốc Long Châu,khá,đã kết hôn,true,Việt Nam,Kinh,Không,sáng,đen,ngắn,true,false,1993,2024-09-24,0.81
p0171,Nguyễn Văn B,Nam,45,40-50,phóng viên,Long Xuyên,Mỹ Bình,An Giang,Đại học,Báo Tuổi Trẻ,khá,đã kết hôn,false,Việt Nam,Tày,Phật,tối,đen,ngắn,true,true,1979,2024-07-27,0.8
p0172,Nguyễn Văn B,Nam,39,30-40,y tá,Buôn Ma Thuột,Tân Lợi,Đắk Lắk,Đại học,Trạm Y tế xã,thấp,ly hôn,true,Việt Nam,Kinh,Không,tối,nâu,ngắn,true,false,1985,2024-03-15,0.85
p0173,Nguyễn Văn B,Nam,49,40-50,kế toán,Đà Nẵng,Ngũ Hành Sơn,Đà Nẵng,Cao đẳng,Siêu thị Big C,cao,đã kết hôn,true,Việt Nam,Kinh,Phật,sáng,đen,xoăn,false,false,1975,2024-07-21,0.77
p0174,Nguyễn Văn B,Nam,28,20-30,kinh doanh,Hà Nội,Hoàn Kiếm,Hà Nội,THPT,Chợ đầu mối,trung bình,đã kết hôn,true,Việt Nam,Tày,Không,sáng,đen,ngắn,false,true,1996,2024-04-13,0.77
p0175,Nguyễn Văn B,Nam,28,20-30,dược sĩ,Hồ Chí Minh,Bình Thạnh,TP.HCM,Thạc sĩ,Nhà thuốc Pharmacity,thấp,đã kết hôn,true,Việt Nam,Khmer,Phật,sáng,xám,ngắn,false,false,1996,2024-08-12,0.92
p0176,Nguyễn Văn B,Nam,31,30-40,nhân viên bán hàng,Thái Bình,Bồ Xuyên,Thái Bình,Đại học,Thế Giới Di Động,khá,độc thân,false,Việt Nam,Kinh,Phật,sáng,nâu,ngắn,true,false,1993,2024-04-09,0.9
p0177,Nguyễn Văn B,Nam,37,30-40,y tá,Bạc Liêu,Phường 3,Bạc Liêu,THPT,Phòng khám nhi,khá,ly hôn,false,Việt Nam,Nùng,Phật,trung bình,đen,ngắn,true,false,1987,2024-08-13,0.78
p0178,Nguyễn Văn B,Nam,53,50-60,bác sĩ,Quảng Ngãi,Nghĩa Lộ,Quảng Ngãi,Tiến sĩ,Bệnh viện Bạch Mai,cao,đã kết hôn,true,Việt Nam,Nùng,Không,trung bình,xám,ngắn,true,true,1971,2024-01-19,0.77
p0179,Nguyễn Văn B,Nam,38,30-40,kỹ sư xây dựng,Hải Phòng,Lê Chân,Hải Phòng,Thạc sĩ,Công ty Xây dựng Hòa Bình,trung bình,đã kết hôn,true,Việt Nam,Kinh,Thiên Chúa,trung bình,đen,ngắn,false,false,1986,2024-02-10,0.77
p0180,Nguyễn Văn B,Nam,35,30-40,kế toán,Điện Biên Phủ,Mường Thanh,Điện Biên,Đại học,Siêu thị Big C,khá,đã kết hôn,true,Việt Nam,Kinh,Không,sáng,đen,ngắn,false,true,1989,2024-02-15,0.89
p0181,Nguyễn Văn B,Nam,25,20-30,lập trình viên,Vinh,Hưng Dũng,Nghệ An,THPT,FPT Software,trung bình,độc thân,false,Việt Nam,Kinh,Phật,trung bình,đen,ngắn,false,true,1999,2024-12-25,0.95
p0182,Nguyễn Văn B,Nam,29,20-30,giáo viên,Yên Bái,Yên Thịnh,Yên Bái,Thạc sĩ,Tiểu học Bình Minh,trung bình,độc thân,false,Việt Nam,Tày,Phật,trung bình,đen,ngắn,false,false,1995,2024-06-06,0.81
p0183,Nguyễn Văn B,Nam,28,20-30,tài xế,Hải Dương,Cẩm Thượng,Hải Dương,Cao đẳng,Hãng taxi Mai Linh,trung bình,độc thân,false,Việt Nam,Nùng,Không,tối,đen,ngắn,false,false,1996,2024-09-26,0.96
p0184,Nguyễn Văn B,Nam,48,40-50,dược sĩ,Hải Phòng,Ngô Quyền,Hải Phòng,Đại học,Nhà thuốc Long Châu,khá,đã kết hôn,false,Việt Nam,Kinh,Không,trung bình,đen,xoăn,true,false,1976,2024-02-15,0.95
p0185,Nguyễn Văn B,Nam,41,40-50,bác sĩ,Buôn Ma Thuột,Tân Lợi,Đắk Lắk,THPT,Phòng khám đa khoa,trung bình,đã kết hôn,true,Việt Nam,Kinh,Phật,trung bình,đen,ngắn,true,false,1983,2024-03-01,0.96
p0186,Nguyễn Văn B,Nam,23,20-30,quản lý,Hải Phòng,Ngô Quyền,Hải Phòng,Đại học,Khách sạn Mường Thanh,cao,độc thân,false,Việt Nam,Kinh,Phật,sáng,nâu,ngắn,false,true,2001,2024-07-16,0.97
p0187,Nguyễn Văn B,Nam,31,30-40,công nhân,Tây Ninh,Phường 1,Tây Ninh,THPT,Khu công nghiệp Thăng Long,thấp,đã kết hôn,true,Việt Nam,Khmer,Không,tối,đen,ngắn,false,false,1993,2024-02-19,0.88
p0188,Nguyễn Văn B,Nam,49,40-50,kế toán,Phan Rang,Đô Vinh,Ninh Thuận,Đại học,Nhà máy dệt may,khá,ly hôn,true,Việt Nam,Kinh,Không,tối,đen,ngắn,true,false,1975,2024-03-04,0.79
p0189,Nguyễn Văn B,Nam,51,50-60,nhân viên bán hàng,Buôn Ma Thuột,Tân Lợi,Đắk Lắk,Đại học,Siêu thị Co.opmart,cao,đã kết hôn,true,Việt Nam,Nùng,Không,sáng,xám,ngắn,false,false,1973,2024-04-27,0.95
p0190,Nguyễn Văn B,Nam,31,30-40,nông dân,Hồ Chí Minh,Quận 1,TP.HCM,Đại học,Trang trại tư nhân,thấp,độc thân,false,Việt Nam,Mường,Phật,tối,đen,xoăn,false,true,1993,2024-02-15,0.77
p0191,Nguyễn Văn B,Nam,30,30-40,giáo viên,Hồ Chí Minh,Quận 3,TP.HCM,Thạc sĩ,THPT Lý Thường Kiệt,cao,độc thân,false,Việt Nam,Kinh,Không,tối,đen,ngắn,false,false,1994,2024-01-03,0.8
p0192,Nguyễn Văn B,Nam,50,50-60,kế toán,Điện Biên Phủ,Mường Thanh,Điện Biên,Thạc sĩ,Công ty Kế toán ABC,khá,đã kết hôn,false,Việt Nam,Kinh,Không,trung bình,đen,ngắn,false,true,1974,2024-11-14,0.79
p0193,Nguyễn Văn B,Nam,35,30-40,lập trình viên,Thái Bình,Bồ Xuyên,Thái Bình,Đại học,Tiki,cao,độc thân,false,Việt Nam,Kinh,Không,trung bình,đen,ngắn,false,false,1989,2024-05-13,0.78
p0194,Nguyễn Văn B,Nam,34,30-40,nhà thiết kế,Tuy Hòa,Phú Lâm,Phú Yên,Đại học,Agency sáng tạo,khá,đã kết hôn,true,Việt Nam,Mường,Thiên Chúa,trung bình,đen,ngắn,true,false,1990,2024-07-09,0.79
p0195,Nguyễn Văn B,Nam,42,40-50,nông dân,Đông Hà,Phường 1,Quảng Trị,Thạc sĩ,HTX Nông nghiệp xã,trung bình,độc thân,false,Việt Nam,Kinh,Phật,tối,đen,ngắn,true,true,1982,2024-11-08,0.81
p0196,Nguyễn Văn B,Nam,25,20-30,nông dân,Lạng Sơn,Vĩnh Trại,Lạng Sơn,Thạc sĩ,Hộ gia đình,trung bình,đã kết hôn,false,Việt Nam,Khmer,Thiên Chúa,tối,nâu,ngắn,true,false,1999,2024-10-01,0.91
p0197,Nguyễn Văn B,Nam,44,40-50,tài xế,Ninh Bình,Đông Thành,Ninh Bình,Đại học,Grab,thấp,góa,true,Việt Nam,Kinh,Không,trung bình,đen,ngắn,false,false,1980,2024-09-16,0.75
p0198,Nguyễn Văn B,Nam,34,30-40,kế toán,Điện Biên Phủ,Mường Thanh,Điện Biên,Thạc sĩ,Siêu thị Big C,cao,đã kết hôn,true,Việt Nam,Nùng,Thiên Chúa,sáng,đen,xoăn,true,true,1990,2024-02-12,0.91
p0199,Nguyễn Văn B,Nam,47,40-50,luật sư,Đồng Hới,Đồng Phú,Quảng Bình,Đại học,VP Công chứng,trung bình,đã kết hôn,true,Việt Nam,Khmer,Thiên Chúa,trung bình,xám,ngắn,true,false,1977,2024-04-22,0.89
p0200,Nguyễn Văn B,Nam,33,30-40,y tá,Đà Lạt,Phường 1,Lâm Đồng,Đại học,Phòng khám nhi,thấp,đã kết hôn,true,Việt Nam,Mường,Thiên Chúa,tối,đen,xoăn,false,true,1991,2024-10-08,0.9
p0201,Nguyễn Văn B,Nam,28,20-30,phóng viên,Nam Định,Vị Hoàng,Nam Định,Đại học,VTV,thấp,độc thân,false,Việt Nam,Khmer,Thiên Chúa,sáng,đen,xoăn,false,true,1996,2024-08-01,0.81
p0202,Nguyễn Văn B,Nam,37,30-40,bác sĩ,Thủ Dầu Một,Phú Thọ,Bình Dương,Đại học,Bệnh viện C Đà Nẵng,trung bình,độc thân,false,Việt Nam,Tày,Thiên Chúa,trung bình,đen,xoăn,false,true,1987,2024-09-13,0.77
p0203,Nguyễn Văn B,Nam,52,50-60,tài xế,Lào Cai,Lào Cai,Lào Cai,Cao đẳng,Grab,thấp,ly hôn,true,Việt Nam,Tày,Phật,sáng,xám,xoăn,false,false,1972,2024-12-03,0.88
p0204,Nguyễn Văn B,Nam,27,20-30,phóng viên,Thái Nguyên,Đồng Quang,Thái Nguyên,Đại học,Báo Nhân Dân,khá,đã kết hôn,true,Việt Nam,Khmer,Thiên Chúa,sáng,đen,xoăn,false,false,1997,2024-11-10,0.82
p0205,Nguyễn Văn B,Nam,28,20-30,nhân viên ngân hàng,Hà Nội,Thanh Xuân,Hà Nội,Đại học,VPBank,khá,độc thân,false,Việt Nam,Kinh,Không,sáng,đen,dài,false,false,1996,2024-04-06,0.9
p0206,Nguyễn Văn B,Nam,27,20-30,luật sư,Rạch Giá,Vĩnh Bảo,Kiên Giang,Thạc sĩ,VP Công chứng,khá,đã kết hôn,true,Việt Nam,Kinh,Thiên Chúa,trung bình,đen,ngắn,false,false,1997,2024-08-15,0.81
p0207,Nguyễn Văn B,Nam,39,30-40,kỹ sư xây dựng,Hà Tĩnh,Trần Phú,Hà Tĩnh,Thạc sĩ,Vingroup,khá,độc thân,false,Việt Nam,Nùng,Không,sáng,đen,xoăn,false,false,1985,2024-09-14,0.97
p0208,Nguyễn Văn B,Nam,52,50-60,nông dân,Hà Tĩnh,Trần Phú,Hà Tĩnh,Đại học,Trang trại tư nhân,thấp,góa,false,Việt Nam,Kinh,Không,trung bình,xám,ngắn,true,false,1972,2024-08-06,0.97
p0209,Nguyễn Văn B,Nam,32,30-40,kinh doanh,Hải Phòng,Lê Chân,Hải Phòng,THPT,Công ty CP Bất động sản,thấp,đã kết hôn,false,Việt Nam,Nùng,Không,tối,đen,ngắn,true,false,1992,2024-02-13,0.88
p0210,Nguyễn Văn B,Nam,42,40-50,công nhân,Bắc Giang,Trần Phú,Bắc Giang,Đại học,Nhà máy điện tử,khá,đã kết hôn,true,Việt Nam,Nùng,Không,trung bình,đen,ngắn,false,false,1982,2024-02-19,0.93
p0211,Nguyễn Văn B,Nam,40,40-50,quản lý,Bắc Ninh,Suối Hoa,Bắc Ninh,Thạc sĩ,Khách sạn Mường Thanh,khá,đã kết hôn,true,Việt Nam,Tày,Không,trung bình,đen,ngắn,false,false,1984,2024-07-11,0.91
p0212,Nguyễn Văn B,Nam,25,20-30,phóng viên,Cao Bằng,Hợp Giang,Cao Bằng,Thạc sĩ,Báo Tuổi Trẻ,thấp,đã kết hôn,false,Việt Nam,Nùng,Phật,sáng,đen,ngắn,false,true,1999,2024-03-10,0.97
p0213,Nguyễn Văn B,Nam,50,50-60,dược sĩ,Yên Bái,Yên Thịnh,Yên Bái,Thạc sĩ,Nhà thuốc Pharmacity,khá,đã kết hôn,true,Việt Nam,Kinh,Phật,tối,đen,ngắn,false,false,1974,2024-02-10,0.91
p0214,Nguyễn Văn B,Nam,47,40-50,nhà thiết kế,Hồ Chí Minh,Tân Bình,TP.HCM,THPT,Freelancer,trung bình,đã kết hôn,true,Việt Nam,Nùng,Không,sáng,đen,xoăn,false,true,1977,2024-09-13,0.9
p0215,Nguyễn Văn B,Nam,29,20-30,giáo viên,Bảo Lộc,Lộc Phát,Lâm Đồng,Đại học,THCS Trần Phú,trung bình,độc thân,false,Việt Nam,Khmer,Không,tối,đen,ngắn,true,false,1995,2024-05-01,0.84
p0216,Nguyễn Văn B,Nam,32,30-40,tài xế,Bắc Giang,Trần Phú,Bắc Giang,Thạc sĩ,Grab,trung bình,đã kết hôn,true,Việt Nam,Kinh,Phật,trung bình,đen,ngắn,false,true,1992,2024-10-26,0.75
p0217,Nguyễn Văn B,Nam,38,30-40,y tá,Đông Hà,Phường 1,Quảng Trị,Tiến sĩ,Phòng khám nhi,trung bình,đã kết hôn,true,Việt Nam,Tày,Không,sáng,đen,ngắn,true,true,1986,2024-01-17,0.98
p0218,Nguyễn Văn B,Nam,45,40-50,y tá,Bạc Liêu,Phường 3,Bạc Liêu,Đại học,Trạm Y tế xã,trung bình,đã kết hôn,true,Việt Nam,Kinh,Phật,sáng,đen,ngắn,false,true,1979,2024-09-25,0.81
p0219,Nguyễn Văn B,Nam,25,20-30,nhân viên ngân hàng,Điện Biên Phủ,Mường Thanh,Điện Biên,Đại học,BIDV,cao,đã kết hôn,false,Việt Nam,Khmer,Phật,tối,đen,ngắn,false,false,1999,2024-06-24,0.91
p0220,Nguyễn Văn B,Nam,52,50-60,kiến trúc sư,Thái Bình,Bồ Xuyên,Thái Bình,Đại học,Văn phòng tư nhân,trung bình,đã kết hôn,true,Việt Nam,Mường,Phật,sáng,xám,ngắn,true,true,1972,2024-11-11,0.9
p0221,Nguyễn Văn B,Nam,36,30-40,nông dân,Vũng Tàu,Phước Thắng,Bà Rịa-Vũng Tàu,Thạc sĩ,Hộ gia đình,trung bình,ly hôn,true,Việt Nam,Mường,Không,trung bình,đen,ngắn,false,false,1988,2024-08-07,0.87
p0222,Nguyễn Văn B,Nam,46,40-50,y tá,Trà Vinh,Phường 1,Trà Vinh,THPT,Trạm Y tế xã,khá,đã kết hôn,false,Việt Nam,Khmer,Phật,trung bình,đen,xoăn,false,false,1978,2024-02-16,0.83
p0223,Nguyễn Văn B,Nam,33,30-40,kỹ sư xây dựng,Buôn Ma Thuột,Tân Lợi,Đắk Lắk,Đại học,Công ty Xây dựng Hòa Bình,trung bình,đã kết hôn,true,Việt Nam,Tày,Không,sáng,nâu,ngắn,false,false,1991,2024-07-16,0.84
p0224,Nguyễn Văn B,Nam,24,20-30,kinh doanh,Sóc Trăng,Phường 2,Sóc Trăng,Tiến sĩ,Vinmart,khá,độc thân,false,Việt Nam,Kinh,Thiên Chúa,trung bình,đen,ngắn,false,true,2000,2024-03-04,0.84
p0225,Nguyễn Văn B,Nam,41,40-50,bác sĩ,Đà Nẵng,Hải Châu,Đà Nẵng,Đại học,Bệnh viện Bạch Mai,khá,đã kết hôn,true,Việt Nam,Kinh,Phật,sáng,nâu,xoăn,true,false,1983,2024-03-26,0.84
p0226,Nguyễn Văn B,Nam,36,30-40,kế toán,Hải Phòng,Ngô Quyền,Hải Phòng,Thạc sĩ,Nhà máy dệt may,trung bình,đã kết hôn,true,Việt Nam,Kinh,Không,trung bình,đen,xoăn,false,false,1988,2024-11-04,0.9
p0227,Nguyễn Văn B,Nam,23,20-30,luật sư,Hà Nội,Thanh Xuân,Hà Nội,Đại học,Tòa án nhân dân,trung bình,độc thân,false,Việt Nam,Kinh,Thiên Chúa,trung bình,đen,ngắn,false,false,2001,2024-10-20,0.91
p0228,Nguyễn Văn B,Nam,48,40-50,luật sư,Hòa Bình,Phương Lâm,Hòa Bình,Đại học,VP Luật sư Hùng Phát,cao,đã kết hôn,true,Việt Nam,Kinh,Không,trung bình,nâu,xoăn,false,false,1976,2024-09-16,0.96
p0229,Nguyễn Văn B,Nam,52,50-60,nông dân,Thái Nguyên,Đồng Quang,Thái Nguyên,THPT,HTX Nông nghiệp xã,thấp,đã kết hôn,true,Việt Nam,Khmer,Không,trung bình,xám,xoăn,false,true,1972,2024-05-21,0.8
p0230,Nguyễn Văn B,Nam,40,40-50,nhân viên văn phòng,Cần Thơ,Cái Răng,Cần Thơ,THPT,Công ty TNHH Thương mại,trung bình,độc thân,false,Việt Nam,Nùng,Không,sáng,nâu,ngắn,false,true,1984,2024-01-28,0.78
p0231,Trần Thị C,Nữ,42,40-50,nhân viên văn phòng,Đà Nẵng,Hải Châu,Đà Nẵng,Thạc sĩ,Tập đoàn Vingroup,cao,đã kết hôn,true,Việt Nam,Tày,Thiên Chúa,trung bình,đen,ngắn,false,false,1982,2024-07-23,0.95
p0232,Trần Thị C,Nữ,47,40-50,y tá,Pleiku,Yên Thế,Gia Lai,Cao đẳng,Bệnh viện đa khoa tỉnh,trung bình,góa,true,Việt Nam,Tày,Phật,sáng,xám,dài,false,false,1977,2024-10-13,0.93
p0233,Trần Thị C,Nữ,41,40-50,y tá,Hà Nội,Đống Đa,Hà Nội,Thạc sĩ,Trạm Y tế xã,thấp,đã kết hôn,false,Việt Nam,Nùng,Phật,sáng,đen,dài,false,false,1983,2024-11-28,0.83
p0234,Trần Thị C,Nữ,38,30-40,bác sĩ,Thủ Dầu Một,Phú Thọ,Bình Dương,Đại học,Bệnh viện Bạch Mai,cao,đã kết hôn,true,Việt Nam,Mường,Không,trung bình,đen,xoăn,true,false,1986,2024-01-21,0.96
p0235,Trần Thị C,Nữ,38,30-40,nhà thiết kế,Bắc Giang,Trần Phú,Bắc Giang,Thạc sĩ,Công ty quảng cáo,thấp,đã kết hôn,false,Việt Nam,Tày,Phật,tối,đen,ngắn,false,false,1986,2024-02-15,0.85
p0236,Trần Thị C,Nữ,40,40-50,kế toán,Mỹ Tho,Phường 1,Tiền Giang,Đại học,Công ty XNK,thấp,đã kết hôn,true,Việt Nam,Kinh,Thiên Chúa,sáng,đen,dài,false,false,1984,2024-09-18,0.8
p0237,Trần Thị C,Nữ,43,40-50,nhân viên văn phòng,Long Xuyên,Mỹ Bình,An Giang,Thạc sĩ,Tập đoàn Vingroup,khá,đã kết hôn,true,Việt Nam,Tày,Không,trung bình,đen,dài,false,false,1981,2024-02-25,0.9
p0238,Trần Thị C,Nữ,22,20-30,nhân viên văn phòng,Thái Nguyên,Đồng Quang,Thái Nguyên,Tiến sĩ,Công ty CP XD,trung bình,độc thân,false,Việt Nam,Khmer,Không,trung bình,đen,ngắn,false,false,2002,2024-02-09,0.89
p0239,Trần Thị C,Nữ,28,20-30,công chức,Hồ Chí Minh,Quận 3,TP.HCM,Đại học,Sở Nội vụ,khá,đã kết hôn,false,Việt Nam,Nùng,Không,trung bình,xám,xoăn,false,false,1996,2024-08-22,0.89
p0240,Trần Thị C,Nữ,38,30-40,nhà thiết kế,Hồ Chí Minh,Tân Bình,TP.HCM,Đại học,Agency sáng tạo,thấp,ly hôn,true,Việt Nam,Mường,Phật,trung bình,đen,xoăn,false,false,1986,2024-12-27,0.78
p0241,Trần Thị C,Nữ,34,30-40,bác sĩ,Phan Rang,Đô Vinh,Ninh Thuận,Đại học,Bệnh viện C Đà Nẵng,khá,ly hôn,true,Việt Nam,Tày,Phật,trung bình,đen,xoăn,true,false,1990,2024-03-14,0.89
p0242,Trần Thị C,Nữ,50,50-60,phóng viên,Cao Bằng,Hợp Giang,Cao Bằng,Thạc sĩ,Báo Tuổi Trẻ,trung bình,đã kết hôn,true,Việt Nam,Khmer,Thiên Chúa,trung bình,đen,ngắn,false,false,1974,2024-11-05,0.98
p0243,Trần Thị C,Nữ,42,40-50,phóng viên,Đà Nẵng,Thanh Khê,Đà Nẵng,Thạc sĩ,Báo Tuổi Trẻ,khá,đã kết hôn,true,Việt Nam,Mường,Thiên Chúa,tối,đen,dài,true,false,1982,2024-07-26,0.75
p0244,Trần Thị C,Nữ,25,20-30,công chức,Hà Nội,Đống Đa,Hà Nội,THPT,Sở Nội vụ,thấp,độc thân,false,Việt Nam,Kinh,Thiên Chúa,trung bình,xám,dài,false,false,1999,2024-04-25,0.87
p0245,Trần Thị C,Nữ,33,30-40,nhà thiết kế,Sơn La,Tô Hiệu,Sơn La,Đại học,Agency sáng tạo,khá,đã kết hôn,false,Việt Nam,Khmer,Thiên Chúa,trung bình,đen,dài,true,false,1991,2024-12-22,0.76
p0246,Trần Thị C,Nữ,34,30-40,công chức,Đà Lạt,Phường 1,Lâm Đồng,Tiến sĩ,Sở Tài chính,thấp,đã kết hôn,false,Việt Nam,Khmer,Thiên Chúa,tối,nâu,dài,false,false,1990,2024-10-18,0.92
p0247,Trần Thị C,Nữ,28,20-30,dược sĩ,Yên Bái,Yên Thịnh,Yên Bái,Đại học,Nhà thuốc Pharmacity,cao,độc thân,false,Việt Nam,Kinh,Thiên Chúa,tối,đen,ngắn,false,false,1996,2024-03-06,0.88
p0248,Trần Thị C,Nữ,30,30-40,nhân viên văn phòng,Hà Nội,Hoàn Kiếm,Hà Nội,Thạc sĩ,Tập đoàn Vingroup,trung bình,độc thân,false,Việt Nam,Khmer,Thiên Chúa,sáng,đen,xoăn,false,false,1994,2024-08-26,0.88
p0249,Trần Thị C,Nữ,33,30-40,nhân viên văn phòng,Hà Nội,Bắc Từ Liêm,Hà Nội,Cao đẳng,Công ty CP XD,trung bình,độc thân,false,Việt Nam,Kinh,Phật,trung bình,đen,dài,false,false,1991,2024-11-11,0.83
p0250,Trần Thị C,Nữ,31,30-40,bác sĩ,Hải Phòng,Lê Chân,Hải Phòng,Tiến sĩ,Phòng khám đa khoa,cao,góa,false,Việt Nam,Mường,Phật,trung bình,đen,xoăn,false,false,1993,2024-01-22,0.95
p0251,Trần Thị C,Nữ,34,30-40,kế toán,Thái Bình,Bồ Xuyên,Thái Bình,Đại học,Công ty XNK,khá,độc thân,false,Việt Nam,Tày,Không,trung bình,nâu,dài,false,false,1990,2024-05-21,0.79
p0252,Trần Thị C,Nữ,38,30-40,kế toán,Hồ Chí Minh,Quận 1,TP.HCM,Tiến sĩ,Nhà máy dệt may,khá,đã kết hôn,true,Việt Nam,Nùng,Không,sáng,đen,ngắn,false,false,1986,2024-04-18,0.94
p0253,Trần Thị C,Nữ,50,50-60,công chức,Cao Bằng,Hợp Giang,Cao Bằng,Thạc sĩ,UBND Phường,trung bình,đã kết hôn,true,Việt Nam,Mường,Phật,sáng,đen,dài,false,false,1974,2024-05-14,0.84
p0254,Trần Thị C,Nữ,42,40-50,công chức,Quy Nhơn,Lý Thường Kiệt,Bình Định,THPT,Sở Tài chính,khá,đã kết hôn,true,Việt Nam,Kinh,Thiên Chúa,trung bình,nâu,dài,false,false,1982,2024-09-04,0.82
p0255,Trần Thị C,Nữ,43,40-50,bác sĩ,Vinh,Hưng Dũng,Nghệ An,Đại học,Bệnh viện Bạch Mai,cao,đã kết hôn,true,Việt Nam,Nùng,Thiên Chúa,sáng,đen,ngắn,true,false,1981,2024-11-05,0.82
p0256,Trần Thị C,Nữ,50,50-60,nhân viên văn phòng,Thái Bình,Bồ Xuyên,Thái Bình,Đại học,Công ty TNHH Thương mại,trung bình,đã kết hôn,false,Việt Nam,Khmer,Thiên Chúa,trung bình,đen,xoăn,false,false,1974,2024-04-14,0.96
p0257,Trần Thị C,Nữ,49,40-50,y tá,Bến Tre,Phú Tân,Bến Tre,Cao đẳng,Bệnh viện đa khoa tỉnh,trung bình,đã kết hôn,false,Việt Nam,Mường,Không,trung bình,đen,ngắn,true,false,1975,2024-11-18,0.77
p0258,Trần Thị C,Nữ,43,40-50,nhân viên bán hàng,Hà Nội,Bắc Từ Liêm,Hà Nội,Cao đẳng,Siêu thị Co.opmart,trung bình,ly hôn,true,Việt Nam,Kinh,Thiên Chúa,trung bình,đen,dài,false,false,1981,2024-08-15,0.83
p0259,Trần Thị C,Nữ,43,40-50,bác sĩ,Vinh,Hưng Dũng,Nghệ An,Đại học,Bệnh viện Chợ Rẫy,khá,đã kết hôn,true,Việt Nam,Tày,Thiên Chúa,sáng,đen,ngắn,true,false,1981,2024-06-05,0.91
p0260,Trần Thị C,Nữ,32,30-40,nhà thiết kế,Hưng Yên,Lê Lợi,Hưng Yên,Đại học,Công ty quảng cáo,khá,đã kết hôn,false,Việt Nam,Mường,Phật,trung bình,đen,dài,true,false,1992,2024-05-24,0.95
p0261,Trần Thị C,Nữ,24,20-30,kế toán,Hà Giang,Nguyễn Trãi,Hà Giang,Thạc sĩ,Công ty Kế toán ABC,khá,độc thân,false,Việt Nam,Kinh,Không,trung bình,nâu,ngắn,false,false,2000,2024-11-25,0.78
p0262,Trần Thị C,Nữ,34,30-40,bác sĩ,Hải Phòng,Ngô Quyền,Hải Phòng,Cao đẳng,Bệnh viện C Đà Nẵng,khá,độc thân,false,Việt Nam,Mường,Phật,trung bình,đen,ngắn,true,false,1990,2024-09-05,0.85
p0263,Trần Thị C,Nữ,27,20-30,bác sĩ,Hà Tĩnh,Trần Phú,Hà Tĩnh,Thạc sĩ,Bệnh viện Chợ Rẫy,khá,đã kết hôn,false,Việt Nam,Kinh,Thiên Chúa,trung bình,đen,dài,false,false,1997,2024-07-16,0.96
p0264,Trần Thị C,Nữ,50,50-60,giáo viên,Hà Nội,Cầu Giấy,Hà Nội,Cao đẳng,Tiểu học Bình Minh,cao,đã kết hôn,true,Việt Nam,Tày,Thiên Chúa,trung bình,đen,dài,false,false,1974,2024-10-21,0.96
p0265,Trần Thị C,Nữ,24,20-30,nhân viên bán hàng,Trà Vinh,Phường 1,Trà Vinh,Tiến sĩ,Điện máy Xanh,thấp,độc thân,false,Việt Nam,Kinh,Phật,tối,đen,dài,true,false,2000,2024-08-06,0.8
p0266,Trần Thị C,Nữ,38,30-40,nhân viên bán hàng,Tuy Hòa,Phú Lâm,Phú Yên,Cao đẳng,Siêu thị Co.opmart,thấp,đã kết hôn,true,Việt Nam,Khmer,Không,trung bình,đen,dài,false,false,1986,2024-08-07,0.89
p0267,Trần Thị C,Nữ,42,40-50,công chức,Hòa Bình,Phương Lâm,Hòa Bình,Cao đẳng,UBND Phường,thấp,đã kết hôn,false,Việt Nam,Kinh,Không,trung bình,nâu,ngắn,false,false,1982,2024-10-19,0.9
p0268,Trần Thị C,Nữ,50,50-60,nhân viên bán hàng,Hà Giang,Nguyễn Trãi,Hà Giang,Cao đẳng,Siêu thị Co.opmart,trung bình,đã kết hôn,true,Việt Nam,Nùng,Phật,sáng,đen,ngắn,false,false,1974,2024-10-22,0.87
p0269,Trần Thị C,Nữ,27,20-30,nhân viên văn phòng,Hà Giang,Nguyễn Trãi,Hà Giang,Đại học,Tập đoàn Vingroup,thấp,đã kết hôn,false,Việt Nam,Nùng,Phật,sáng,đen,xoăn,false,false,1997,2024-10-04,0.79
p0270,Trần Thị C,Nữ,50,50-60,bác sĩ,Tam Kỳ,Phường An Mỹ,Quảng Nam,Thạc sĩ,Bệnh viện Bạch Mai,khá,ly hôn,false,Việt Nam,Nùng,Không,trung bình,xám,dài,false,false,1974,2024-09-14,0.84
p0271,Trần Thị C,Nữ,23,20-30,phóng viên,Thủ Dầu Một,Phú Thọ,Bình Dương,Cao đẳng,VnExpress,khá,độc thân,false,Việt Nam,Khmer,Không,trung bình,đen,dài,true,false,2001,2024-07-05,0.81
p0272,Trần Thị C,Nữ,46,40-50,kế toán,Hải Phòng,Ngô Quyền,Hải Phòng,Đại học,Siêu thị Big C,trung bình,đã kết hôn,false,Việt Nam,Tày,Phật,trung bình,đen,dài,false,false,1978,2024-12-26,0.82
p0273,Trần Thị C,Nữ,33,30-40,y tá,Hồ Chí Minh,Bình Thạnh,TP.HCM,Đại học,Trạm Y tế xã,thấp,đã kết hôn,true,Việt Nam,Tày,Không,trung bình,đen,dài,true,false,1991,2024-03-12,0.88
p0274,Trần Thị C,Nữ,37,30-40,nhân viên bán hàng,Cần Thơ,Cái Răng,Cần Thơ,Đại học,Thế Giới Di Động,trung bình,đã kết hôn,true,Việt Nam,Kinh,Không,trung bình,đen,dài,false,false,1987,2024-04-17,0.84
p0275,Trần Thị C,Nữ,32,30-40,phóng viên,Điện Biên Phủ,Mường Thanh,Điện Biên,Cao đẳng,Báo Nhân Dân,cao,độc thân,false,Việt Nam,Kinh,Thiên Chúa,sáng,đen,xoăn,false,false,1992,2024-04-12,0.77
p0276,Trần Thị C,Nữ,23,20-30,công chức,Hà Giang,Nguyễn Trãi,Hà Giang,Đại học,UBND Quận,trung bình,độc thân,false,Việt Nam,Tày,Không,trung bình,xám,xoăn,false,false,2001,2024-04-28,0.9
p0277,Trần Thị C,Nữ,47,40-50,nhân viên bán hàng,Trà Vinh,Phường 1,Trà Vinh,THPT,Siêu thị Co.opmart,trung bình,đã kết hôn,false,Việt Nam,Kinh,Không,sáng,đen,ngắn,false,false,1977,2024-05-25,0.84
p0278,Trần Thị C,Nữ,43,40-50,công chức,Quy Nhơn,Lý Thường Kiệt,Bình Định,Cao đẳng,Cục Thuế,thấp,đã kết hôn,true,Việt Nam,Kinh,Thiên Chúa,trung bình,đen,dài,false,false,1981,2024-04-20,0.97
p0279,Trần Thị C,Nữ,36,30-40,công chức,Nam Định,Vị Hoàng,Nam Định,THPT,Cục Thuế,trung bình,đã kết hôn,true,Việt Nam,Kinh,Thiên Chúa,trung bình,đen,ngắn,false,false,1988,2024-12-15,0.97
p0280,Trần Thị C,Nữ,40,40-50,dược sĩ,Rạch Giá,Vĩnh Bảo,Kiên Giang,Tiến sĩ,Nhà thuốc Pharmacity,trung bình,đã kết hôn,true,Việt Nam,Kinh,Phật,sáng,đen,ngắn,false,false,1984,2024-06-14,0.97
p0281,Trần Thị C,Nữ,38,30-40,giáo viên,Sóc Trăng,Phường 2,Sóc Trăng,Cao đẳng,Tiểu học Bình Minh,thấp,đã kết hôn,true,Việt Nam,Mường,Thiên Chúa,sáng,xám,dài,false,false,1986,2024-03-24,0.91
p0282,Trần Thị C,Nữ,51,50-60,nhà thiết kế,Đà Nẵng,Ngũ Hành Sơn,Đà Nẵng,Cao đẳng,Freelancer,khá,góa,false,Việt Nam,Kinh,Không,sáng,xám,ngắn,false,false,1973,2024-02-03,0.91
p0283,Trần Thị C,Nữ,43,40-50,bác sĩ,Cà Mau,Phường 4,Cà Mau,Thạc sĩ,Bệnh viện Bạch Mai,khá,độc thân,false,Việt Nam,Mường,Thiên Chúa,trung bình,đen,dài,true,false,1981,2024-08-06,0.98
p0284,Trần Thị C,Nữ,51,50-60,nhân viên bán hàng,Bến Tre,Phú Tân,Bến Tre,Cao đẳng,Điện máy Xanh,trung bình,đã kết hôn,true,Việt Nam,Tày,Phật,trung bình,xám,dài,false,false,1973,2024-08-04,0.91
p0285,Trần Thị C,Nữ,36,30-40,giáo viên,Buôn Ma Thuột,Tân Lợi,Đắk Lắk,Đại học,THPT Lý Thường Kiệt,trung bình,đã kết hôn,true,Việt Nam,Mường,Thiên Chúa,tối,đen,dài,false,false,1988,2024-06-06,0.86
p0286,Trần Thị C,Nữ,28,20-30,nhân viên văn phòng,Pleiku,Yên Thế,Gia Lai,Thạc sĩ,Tập đoàn Vingroup,trung bình,độc thân,false,Việt Nam,Kinh,Phật,sáng,đen,ngắn,false,false,1996,2024-09-14,0.95
p0287,Trần Thị C,Nữ,28,20-30,y tá,Hồ Chí Minh,Bình Chánh,TP.HCM,Thạc sĩ,Trạm Y tế xã,thấp,đã kết hôn,true,Việt Nam,Kinh,Thiên Chúa,tối,đen,dài,true,false,1996,2024-09-28,0.88
p0288,Trần Thị C,Nữ,34,30-40,y tá,Hồ Chí Minh,Bình Thạnh,TP.HCM,Cao đẳng,Bệnh viện đa khoa tỉnh,thấp,đã kết hôn,false,Việt Nam,Nùng,Thiên Chúa,trung bình,đen,dài,false,false,1990,2024-06-01,0.84
p0289,Trần Thị C,Nữ,33,30-40,bác sĩ,Bắc Ninh,Suối Hoa,Bắc Ninh,Đại học,Bệnh viện Chợ Rẫy,cao,đã kết hôn,true,Việt Nam,Tày,Không,sáng,đen,dài,true,false,1991,2024-07-20,0.82
p0290,Trần Thị C,Nữ,42,40-50,y tá,Hồ Chí Minh,Bình Chánh,TP.HCM,Thạc sĩ,Phòng khám nhi,thấp,đã kết hôn,true,Việt Nam,Kinh,Thiên Chúa,tối,đen,ngắn,false,false,1982,2024-12-09,0.89
p0291,Trần Thị C,Nữ,34,30-40,nhà thiết kế,Huế,Phú Hội,Thừa Thiên Huế,Thạc sĩ,Công ty quảng cáo,trung bình,đã kết hôn,false,Việt Nam,Khmer,Không,tối,đen,ngắn,false,false,1990,2024-04-06,0.84
p0292,Trần Thị C,Nữ,25,20-30,nhà thiết kế,Hà Nội,Bắc Từ Liêm,Hà Nội,THPT,Freelancer,khá,đã kết hôn,false,Việt Nam,Tày,Thiên Chúa,tối,đen,dài,false,false,1999,2024-04-08,0.92
p0293,Trần Thị C,Nữ,36,30-40,y tá,Quảng Ngãi,Nghĩa Lộ,Quảng Ngãi,Đại học,Bệnh viện đa khoa tỉnh,thấp,độc thân,false,Việt Nam,Nùng,Thiên Chúa,trung bình,xám,xoăn,false,false,1988,2024-09-15,0.78
p0294,Trần Thị C,Nữ,52,50-60,phóng viên,Thủ Dầu Một,Phú Thọ,Bình Dương,Đại học,VTV,trung bình,đã kết hôn,true,Việt Nam,Kinh,Không,trung bình,xám,dài,false,false,1972,2024-09-08,0.94
p0295,Trần Thị C,Nữ,36,30-40,nhân viên văn phòng,Vinh,Hưng Dũng,Nghệ An,Đại học,Tập đoàn Vingroup,trung bình,độc thân,false,Việt Nam,Kinh,Không,tối,nâu,dài,false,false,1988,2024-08-10,0.75
p0296,Trần Thị C,Nữ,35,30-40,nhân viên bán hàng,Điện Biên Phủ,Mường Thanh,Điện Biên,Cao đẳng,Thế Giới Di Động,thấp,đã kết hôn,true,Việt Nam,Tày,Không,trung bình,đen,ngắn,true,false,1989,2024-04-09,0.77
p0297,Trần Thị C,Nữ,42,40-50,phóng viên,Cần Thơ,Ninh Kiều,Cần Thơ,Đại học,Báo Tuổi Trẻ,khá,đã kết hôn,true,Việt Nam,Mường,Không,tối,đen,dài,false,false,1982,2024-05-23,0.89
p0298,Trần Thị C,Nữ,28,20-30,giáo viên,Buôn Ma Thuột,Tân Lợi,Đắk Lắk,THPT,THCS Trần Phú,trung bình,độc thân,false,Việt Nam,Kinh,Không,sáng,đen,dài,true,false,1996,2024-03-01,0.86
p0299,Trần Thị C,Nữ,32,30-40,nhân viên bán hàng,Pleiku,Yên Thế,Gia Lai,Tiến sĩ,Điện máy Xanh,trung bình,đã kết hôn,true,Việt Nam,Kinh,Không,tối,xám,ngắn,true,false,1992,2024-03-07,0.96
p0300,Trần Thị C,Nữ,30,30-40,công chức,Sơn La,Tô Hiệu,Sơn La,Cao đẳng,UBND Phường,khá,độc thân,false,Việt Nam,Tày,Không,trung bình,đen,dài,false,false,1994,2024-09-22,0.98
p0301,Trần Thị C,Nữ,37,30-40,nhân viên bán hàng,Đà Lạt,Phường 1,Lâm Đồng,Cao đẳng,Điện máy Xanh,trung bình,đã kết hôn,true,Việt Nam,Kinh,Phật,sáng,đen,dài,false,false,1987,2024-02-08,0.9
p0302,Trần Thị C,Nữ,32,30-40,y tá,Hà Nội,Hoàn Kiếm,Hà Nội,Đại học,Trạm Y tế xã,thấp,độc thân,false,Việt Nam,Kinh,Thiên Chúa,tối,đen,dài,false,false,1992,2024-02-08,0.79
p0303,Trần Thị C,Nữ,24,20-30,bác sĩ,Bảo Lộc,Lộc Phát,Lâm Đồng,Thạc sĩ,Bệnh viện C Đà Nẵng,cao,độc thân,false,Việt Nam,Kinh,Không,sáng,đen,dài,true,false,2000,2024-04-11,0.98
p0304,Trần Thị C,Nữ,47,40-50,nhân viên văn phòng,Tuy Hòa,Phú Lâm,Phú Yên,Thạc sĩ,Tập đoàn Vingroup,thấp,đã kết hôn,true,Việt Nam,Mường,Không,sáng,đen,dài,false,false,1977,2024-04-19,0.79
p0305,Trần Thị C,Nữ,33,30-40,nhà thiết kế,Buôn Ma Thuột,Tân Lợi,Đắk Lắk,Thạc sĩ,Công ty quảng cáo,trung bình,đã kết hôn,false,Việt Nam,Tày,Không,trung bình,đen,xoăn,false,false,1991,2024-11-17,0.84
p0306,Trần Thị C,Nữ,27,20-30,giáo viên,Hưng Yên,Lê Lợi,Hưng Yên,Thạc sĩ,CĐ Kinh tế,khá,độc thân,false,Việt Nam,Mường,Không,trung bình,đen,dài,false,false,1997,2024-09-05,0.89
p0307,Trần Thị C,Nữ,32,30-40,nhân viên văn phòng,Pleiku,Yên Thế,Gia Lai,THPT,Công ty TNHH Thương mại,khá,độc thân,false,Việt Nam,Kinh,Không,tối,đen,ngắn,false,false,1992,2024-01-19,0.9
p0308,Trần Thị C,Nữ,34,30-40,nhà thiết kế,Phan Rang,Đô Vinh,Ninh Thuận,Đại học,Freelancer,trung bình,độc thân,false,Việt Nam,Khmer,Không,sáng,đen,ngắn,true,false,1990,2024-02-15,0.93
p0309,Trần Thị C,Nữ,23,20-30,phóng viên,Biên Hòa,Tam Hiệp,Đồng Nai,Thạc sĩ,VnExpress,khá,độc thân,false,Việt Nam,Kinh,Phật,trung bình,đen,dài,true,false,2001,2024-09-04,0.77
p0310,Trần Thị C,Nữ,29,20-30,công chức,Sóc Trăng,Phường 2,Sóc Trăng,Cao đẳng,Sở Nội vụ,khá,đã kết hôn,true,Việt Nam,Mường,Thiên Chúa,trung bình,đen,dài,true,false,1995,2024-11-15,0.91
p0311,Lê Văn D,Nam,38,30-40,bác sĩ,Hưng Yên,Lê Lợi,Hưng Yên,Thạc sĩ,Bệnh viện Chợ Rẫy,khá,đã kết hôn,true,Việt Nam,Kinh,Thiên Chúa,trung bình,đen,xoăn,false,true,1986,2024-07-25,0.9
p0312,Lê Văn D,Nam,51,50-60,y tá,Hà Giang,Nguyễn Trãi,Hà Giang,Cao đẳng,Phòng khám nhi,trung bình,đã kết hôn,true,Việt Nam,Kinh,Không,trung bình,xám,ngắn,true,false,1973,2024-05-20,0.75
p0313,Lê Văn D,Nam,29,20-30,công nhân,Hưng Yên,Lê Lợi,Hưng Yên,Đại học,Khu công nghiệp Thăng Long,thấp,đã kết hôn,false,Việt Nam,Mường,Phật,tối,đen,ngắn,false,false,1995,2024-02-02,0.86
p0314,Lê Văn D,Nam,29,20-30,nông dân,Hồ Chí Minh,Tân Bình,TP.HCM,Thạc sĩ,Trang trại tư nhân,thấp,độc thân,false,Việt Nam,Kinh,Không,sáng,đen,ngắn,false,false,1995,2024-03-16,0.94
p0315,Lê Văn D,Nam,47,40-50,quản lý,Thủ Dầu Một,Phú Thọ,Bình Dương,Đại học,Siêu thị MM Mega Market,khá,đã kết hôn,true,Việt Nam,Tày,Không,sáng,đen,ngắn,true,false,1977,2024-04-24,0.9
p0316,Lê Văn D,Nam,44,40-50,công chức,Nam Định,Vị Hoàng,Nam Định,THPT,UBND Quận,trung bình,đã kết hôn,true,Việt Nam,Tày,Không,sáng,đen,ngắn,true,true,1980,2024-04-14,0.82
p0317,Lê Văn D,Nam,37,30-40,luật sư,Hồ Chí Minh,Bình Chánh,TP.HCM,THPT,VP Công chứng,khá,độc thân,false,Việt Nam,Kinh,Không,trung bình,đen,ngắn,false,true,1987,2024-09-07,0.86
p0318,Lê Văn D,Nam,45,40-50,lập trình viên,Hà Tĩnh,Trần Phú,Hà Tĩnh,Đại học,CMC Tech,cao,đã kết hôn,false,Việt Nam,Tày,Thiên Chúa,trung bình,đen,xoăn,false,false,1979,2024-06-07,0.82
p0319,Lê Văn D,Nam,44,40-50,công chức,Tuy Hòa,Phú Lâm,Phú Yên,Cao đẳng,Sở Tài chính,trung bình,đã kết hôn,true,Việt Nam,Kinh,Không,trung bình,đen,xoăn,false,false,1980,2024-02-24,0.76
p0320,Lê Văn D,Nam,55,50-60,luật sư,Tam Kỳ,Phường An Mỹ,Quảng Nam,THPT,VP Công chứng,cao,đã kết hôn,true,Việt Nam,Mường,Thiên Chúa,sáng,xám,ngắn,false,false,1969,2024-09-16,0.89
p0321,Lê Văn D,Nam,29,20-30,công chức,Thủ Dầu Một,Phú Thọ,Bình Dương,Đại học,UBND Quận,khá,độc thân,false,Việt Nam,Khmer,Không,sáng,đen,ngắn,false,false,1995,2024-02-13,0.9
p0322,Lê Văn D,Nam,46,40-50,dược sĩ,Bắc Giang,Trần Phú,Bắc Giang,THPT,Nhà thuốc Long Châu,khá,đã kết hôn,false,Việt Nam,Mường,Không,trung bình,xám,ngắn,true,false,1978,2024-03-07,0.87
p0323,Lê Văn D,Nam,39,30-40,công chức,Bạc Liêu,Phường 3,Bạc Liêu,Cao đẳng,UBND Phường,trung bình,đã kết hôn,true,Việt Nam,Mường,Thiên Chúa,sáng,đen,ngắn,false,false,1985,2024-01-21,0.81
p0324,Lê Văn D,Nam,37,30-40,công chức,Hưng Yên,Lê Lợi,Hưng Yên,Thạc sĩ,Cục Thuế,trung bình,đã kết hôn,true,Việt Nam,Khmer,Phật,sáng,đen,ngắn,true,true,1987,2024-07-08,0.88
p0325,Lê Văn D,Nam,38,30-40,tài xế,Vinh,Hưng Dũng,Nghệ An,Đại học,Công ty vận tải,thấp,đã kết hôn,true,Việt Nam,Kinh,Không,trung bình,đen,ngắn,true,true,1986,2024-03-21,0.96
p0326,Lê Văn D,Nam,54,50-60,y tá,Đà Nẵng,Hải Châu,Đà Nẵng,Đại học,Bệnh viện đa khoa tỉnh,khá,đã kết hôn,true,Việt Nam,Tày,Không,tối,xám,ngắn,true,true,1970,2024-05-15,0.92
p0327,Lê Văn D,Nam,51,50-60,nông dân,Hải Dương,Cẩm Thượng,Hải Dương,Thạc sĩ,HTX Nông nghiệp xã,thấp,đã kết hôn,true,Việt Nam,Kinh,Phật,trung bình,xám,ngắn,false,false,1973,2024-11-01,0.83
p0328,Lê Văn D,Nam,47,40-50,nhân viên văn phòng,Yên Bái,Yên Thịnh,Yên Bái,Đại học,Công ty TNHH Thương mại,khá,đã kết hôn,true,Việt Nam,Nùng,Không,tối,đen,ngắn,false,false,1977,2024-05-14,0.8
p0329,Lê Văn D,Nam,46,40-50,lập trình viên,Đà Nẵng,Ngũ Hành Sơn,Đà Nẵng,Cao đẳng,FPT Software,cao,đã kết hôn,true,Việt Nam,Mường,Không,trung bình,nâu,xoăn,true,false,1978,2024-12-11,0.84
p0330,Lê Văn D,Nam,55,50-60,quản lý,Cao Bằng,Hợp Giang,Cao Bằng,Đại học,Nhà hàng Ánh Sao,cao,đã kết hôn,false,Việt Nam,Kinh,Không,sáng,xám,ngắn,true,true,1969,2024-12-02,0.88
p0331,Lê Văn D,Nam,41,40-50,giáo viên,Lạng Sơn,Vĩnh Trại,Lạng Sơn,Đại học,THCS Trần Phú,trung bình,đã kết hôn,true,Việt Nam,Kinh,Không,trung bình,đen,ngắn,false,false,1983,2024-11-15,0.77
p0332,Lê Văn D,Nam,41,40-50,kế toán,Hồ Chí Minh,Quận 3,TP.HCM,Đại học,Nhà máy dệt may,trung bình,độc thân,false,Việt Nam,Kinh,Phật,trung bình,nâu,xoăn,false,true,1983,2024-12-24,0.78
p0333,Lê Văn D,Nam,28,20-30,nhân viên bán hàng,Tây Ninh,Phường 1,Tây Ninh,Đại học,Thế Giới Di Động,trung bình,đã kết hôn,true,Việt Nam,Kinh,Phật,trung bình,xám,ngắn,true,false,1996,2024-03-28,0.78
p0334,Lê Văn D,Nam,49,40-50,giáo viên,Tây Ninh,Phường 1,Tây Ninh,Đại học,ĐH Quốc gia,khá,ly hôn,true,Việt Nam,Kinh,Không,sáng,nâu,xoăn,true,false,1975,2024-08-28,0.86
p0335,Lê Văn D,Nam,50,50-60,tài xế,Hà Nội,Hoàn Kiếm,Hà Nội,Cao đẳng,Xe khách liên tỉnh,trung bình,đã kết hôn,true,Việt Nam,Mường,Phật,sáng,đen,ngắn,false,false,1974,2024-01-06,0.78
p0336,Lê Văn D,Nam,45,40-50,giáo viên,Vũng Tàu,Phước Thắng,Bà Rịa-Vũng Tàu,Thạc sĩ,THCS Trần Phú,khá,đã kết hôn,true,Việt Nam,Mường,Phật,tối,đen,ngắn,false,false,1979,2024-08-24,0.88
p0337,Lê Văn D,Nam,54,50-60,kỹ sư xây dựng,Hà Nội,Cầu Giấy,Hà Nội,Đại học,Coteccons,khá,ly hôn,true,Việt Nam,Nùng,Thiên Chúa,tối,xám,ngắn,false,false,1970,2024-06-17,0.85
p0338,Lê Văn D,Nam,31,30-40,lập trình viên,Thủ Dầu Một,Phú Thọ,Bình Dương,THPT,CMC Tech,khá,ly hôn,true,Việt Nam,Tày,Thiên Chúa,sáng,đen,ngắn,false,true,1993,2024-05-17,0.88
p0339,Lê Văn D,Nam,44,40-50,luật sư,Vũng Tàu,Phước Thắng,Bà Rịa-Vũng Tàu,Đại học,Tòa án nhân dân,cao,đã kết hôn,false,Việt Nam,Khmer,Không,trung bình,đen,xoăn,false,false,1980,2024-12-28,0.8
p0340,Lê Văn D,Nam,44,40-50,nhân viên ngân hàng,Pleiku,Yên Thế,Gia Lai,Đại học,Vietcombank,khá,đã kết hôn,false,Việt Nam,Kinh,Không,sáng,đen,ngắn,false,false,1980,2024-02-22,0.83
p0341,Lê Văn D,Nam,37,30-40,quản lý,Hà Giang,Nguyễn Trãi,Hà Giang,Tiến sĩ,Nhà hàng Ánh Sao,cao,đã kết hôn,true,Việt Nam,Kinh,Không,tối,đen,ngắn,false,false,1987,2024-09-11,0.86
p0342,Lê Văn D,Nam,51,50-60,giáo viên,Pleiku,Yên Thế,Gia Lai,Đại học,CĐ Kinh tế,khá,đã kết hôn,true,Việt Nam,Kinh,Không,sáng,xám,ngắn,true,true,1973,2024-03-09,0.94
p0343,Lê Văn D,Nam,35,30-40,nhà thiết kế,Đà Lạt,Phường 1,Lâm Đồng,Đại học,Agency sáng tạo,trung bình,đã kết hôn,true,Việt Nam,Tày,Phật,trung bình,đen,ngắn,false,false,1989,2024-06-15,0.94
p0344,Lê Văn D,Nam,34,30-40,phóng viên,Hải Phòng,Lê Chân,Hải Phòng,Cao đẳng,Báo Tuổi Trẻ,trung bình,độc thân,false,Việt Nam,Kinh,Phật,sáng,đen,ngắn,true,true,1990,2024-06-16,0.92
p0345,Lê Văn D,Nam,41,40-50,y tá,Vinh,Hưng Dũng,Nghệ An,Thạc sĩ,Bệnh viện đa khoa tỉnh,thấp,góa,true,Việt Nam,Kinh,Không,tối,đen,ngắn,true,false,1983,2024-05-02,0.91
p0346,Lê Văn D,Nam,44,40-50,kỹ sư xây dựng,Bắc Ninh,Suối Hoa,Bắc Ninh,Đại học,Coteccons,thấp,đã kết hôn,true,Việt Nam,Kinh,Thiên Chúa,sáng,đen,ngắn,false,true,1980,2024-05-18,0.82
p0347,Lê Văn D,Nam,39,30-40,bác sĩ,Phan Rang,Đô Vinh,Ninh Thuận,Cao đẳng,Bệnh viện C Đà Nẵng,khá,độc thân,false,Việt Nam,Kinh,Thiên Chúa,trung bình,đen,ngắn,false,false,1985,2024-10-08,0.79
p0348,Lê Văn D,Nam,34,30-40,y tá,Tam Kỳ,Phường An Mỹ,Quảng Nam,Đại học,Phòng khám nhi,thấp,đã kết hôn,true,Việt Nam,Mường,Không,sáng,đen,ngắn,false,false,1990,2024-10-12,0.82
p0349,Lê Văn D,Nam,51,50-60,nhà thiết kế,Đà Nẵng,Ngũ Hành Sơn,Đà Nẵng,Tiến sĩ,Agency sáng tạo,khá,đã kết hôn,false,Việt Nam,Khmer,Không,tối,xám,xoăn,false,false,1973,2024-08-08,0.97
p0350,Lê Văn D,Nam,29,20-30,tài xế,Bắc Ninh,Suối Hoa,Bắc Ninh,Thạc sĩ,Công ty vận tải,thấp,đã kết hôn,true,Việt Nam,Kinh,Không,trung bình,nâu,ngắn,false,false,1995,2024-08-28,0.79
p0351,Lê Văn D,Nam,49,40-50,tài xế,Vũng Tàu,Phước Thắng,Bà Rịa-Vũng Tàu,Đại học,Grab,trung bình,đã kết hôn,false,Việt Nam,Kinh,Phật,trung bình,đen,ngắn,false,false,1975,2024-09-06,0.97
p0352,Lê Văn D,Nam,37,30-40,y tá,Hà Nội,Bắc Từ Liêm,Hà Nội,Thạc sĩ,Bệnh viện đa khoa tỉnh,trung bình,đã kết hôn,true,Việt Nam,Khmer,Không,trung bình,đen,ngắn,false,true,1987,2024-02-19,0.89
p0353,Lê Văn D,Nam,35,30-40,bác sĩ,Bạc Liêu,Phường 3,Bạc Liêu,Cao đẳng,Phòng khám đa khoa,cao,độc thân,false,Việt Nam,Khmer,Không,sáng,nâu,ngắn,false,false,1989,2024-02-07,0.94
p0354,Lê Văn D,Nam,53,50-60,công chức,Đồng Hới,Đồng Phú,Quảng Bình,Đại học,Sở Nội vụ,trung bình,đã kết hôn,true,Việt Nam,Nùng,Thiên Chúa,trung bình,xám,ngắn,false,true,1971,2024-07-23,0.98
p0355,Lê Văn D,Nam,36,30-40,quản lý,Hồ Chí Minh,Quận 1,TP.HCM,Đại học,Siêu thị MM Mega Market,khá,đã kết hôn,true,Việt Nam,Kinh,Không,sáng,xám,xoăn,false,false,1988,2024-05-28,0.76
p0356,Lê Văn D,Nam,38,30-40,quản lý,Thủ Dầu Một,Phú Thọ,Bình Dương,Đại học,Khách sạn Mường Thanh,cao,đã kết hôn,true,Việt Nam,Kinh,Không,sáng,đen,ngắn,true,false,1986,2024-03-10,0.98
p0357,Lê Văn D,Nam,46,40-50,luật sư,Hồ Chí Minh,Tân Bình,TP.HCM,THPT,VP Luật sư Hùng Phát,thấp,đã kết hôn,true,Việt Nam,Tày,Không,trung bình,xám,ngắn,false,false,1978,2024-10-06,0.85
p0358,Lê Văn D,Nam,38,30-40,nhân viên bán hàng,Bạc Liêu,Phường 3,Bạc Liêu,Đại học,Điện máy Xanh,thấp,đã kết hôn,true,Việt Nam,Kinh,Không,tối,đen,ngắn,false,false,1986,2024-01-19,0.86
p0359,Lê Văn D,Nam,36,30-40,quản lý,Hồ Chí Minh,Quận 3,TP.HCM,Tiến sĩ,Khách sạn Mường Thanh,trung bình,đã kết hôn,true,Việt Nam,Mường,Không,tối,nâu,ngắn,false,false,1988,2024-04-16,0.9
p0360,Lê Văn D,Nam,46,40-50,kỹ sư xây dựng,Phan Rang,Đô Vinh,Ninh Thuận,Đại học,Coteccons,cao,đã kết hôn,false,Việt Nam,Nùng,Thiên Chúa,trung bình,xám,ngắn,false,false,1978,2024-05-06,0.76
p0361,Lê Văn D,Nam,54,50-60,công nhân,Đông Hà,Phường 1,Quảng Trị,Thạc sĩ,Nhà máy điện tử,thấp,đã kết hôn,true,Việt Nam,Kinh,Thiên Chúa,trung bình,xám,ngắn,true,false,1970,2024-08-03,0.78
p0362,Lê Văn D,Nam,27,20-30,nông dân,Bắc Giang,Trần Phú,Bắc Giang,Cao đẳng,Trang trại tư nhân,thấp,đã kết hôn,false,Việt Nam,Nùng,Phật,sáng,đen,ngắn,false,false,1997,2024-05-26,0.91
p0363,Lê Văn D,Nam,40,40-50,phóng viên,Đà Nẵng,Thanh Khê,Đà Nẵng,Đại học,Báo Nhân Dân,thấp,đã kết hôn,true,Việt Nam,Tày,Phật,sáng,đen,xoăn,false,true,1984,2024-04-19,0.92
p0364,Lê Văn D,Nam,36,30-40,nông dân,Hà Nội,Thanh Xuân,Hà Nội,THPT,HTX Nông nghiệp xã,trung bình,đã kết hôn,true,Việt Nam,Kinh,Phật,tối,xám,ngắn,false,true,1988,2024-09-28,0.85
p0365,Lê Văn D,Nam,34,30-40,nhân viên bán hàng,Nam Định,Vị Hoàng,Nam Định,Đại học,Điện máy Xanh,cao,đã kết hôn,false,Việt Nam,Nùng,Thiên Chúa,tối,đen,xoăn,true,false,1990,2024-06-09,0.81
p0366,Lê Văn D,Nam,28,20-30,quản lý,Cần Thơ,Cái Răng,Cần Thơ,Đại học,Khách sạn Mường Thanh,cao,độc thân,false,Việt Nam,Kinh,Không,trung bình,nâu,ngắn,true,true,1996,2024-11-01,0.94
p0367,Lê Văn D,Nam,25,20-30,bác sĩ,Pleiku,Yên Thế,Gia Lai,Đại học,Bệnh viện Bạch Mai,khá,đã kết hôn,false,Việt Nam,Nùng,Phật,sáng,đen,ngắn,false,false,1999,2024-10-21,0.78
p0368,Lê Văn D,Nam,55,50-60,kỹ sư xây dựng,Hồ Chí Minh,Quận 3,TP.HCM,Đại học,Vingroup,khá,đã kết hôn,true,Việt Nam,Khmer,Không,sáng,xám,ngắn,false,false,1969,2024-11-15,0.96
p0369,Lê Văn D,Nam,33,30-40,nhân viên ngân hàng,Yên Bái,Yên Thịnh,Yên Bái,Đại học,BIDV,cao,độc thân,false,Việt Nam,Kinh,Không,sáng,đen,xoăn,true,false,1991,2024-02-16,0.98
p0370,Lê Văn D,Nam,31,30-40,kiến trúc sư,Tam Kỳ,Phường An Mỹ,Quảng Nam,Đại học,Cty Thiết kế Kiến trúc,trung bình,đã kết hôn,true,Việt Nam,Kinh,Thiên Chúa,trung bình,đen,ngắn,false,false,1993,2024-08-01,0.96
p0371,Phạm Thị E,Nữ,24,20-30,giáo viên,Tuy Hòa,Phú Lâm,Phú Yên,Đại học,THPT Lý Thường Kiệt,trung bình,độc thân,false,Việt Nam,Tày,Không,tối,đen,dài,true,false,2000,2024-07-13,0.94
p0372,Phạm Thị E,Nữ,44,40-50,kế toán,Điện Biên Phủ,Mường Thanh,Điện Biên,THPT,Nhà máy dệt may,cao,đã kết hôn,true,Việt Nam,Tày,Không,trung bình,xám,dài,false,false,1980,2024-11-21,0.77
p0373,Phạm Thị E,Nữ,37,30-40,nhân viên văn phòng,Bắc Giang,Trần Phú,Bắc Giang,Thạc sĩ,Công ty TNHH Thương mại,khá,đã kết hôn,false,Việt Nam,Tày,Không,trung bình,xám,dài,false,false,1987,2024-11-23,0.83
p0374,Phạm Thị E,Nữ,22,20-30,nhà thiết kế,Hưng Yên,Lê Lợi,Hưng Yên,Cao đẳng,Freelancer,thấp,độc thân,false,Việt Nam,Khmer,Thiên Chúa,tối,đen,dài,true,false,2002,2024-08-18,0.97
p0375,Phạm Thị E,Nữ,45,40-50,giáo viên,Mỹ Tho,Phường 1,Tiền Giang,Đại học,THPT Lý Thường Kiệt,trung bình,đã kết hôn,true,Việt Nam,Nùng,Phật,sáng,đen,dài,true,false,1979,2024-12-19,0.8
p0376,Phạm Thị E,Nữ,22,20-30,y tá,Hà Nội,Cầu Giấy,Hà Nội,Đại học,Trạm Y tế xã,trung bình,đã kết hôn,false,Việt Nam,Kinh,Thiên Chúa,sáng,đen,ngắn,false,false,2002,2024-02-15,0.89
p0377,Phạm Thị E,Nữ,46,40-50,kế toán,Đồng Hới,Đồng Phú,Quảng Bình,Cao đẳng,Công ty Kế toán ABC,trung bình,đã kết hôn,false,Việt Nam,Tày,Thiên Chúa,sáng,đen,xoăn,true,false,1978,2024-02-22,0.88
p0378,Phạm Thị E,Nữ,24,20-30,dược sĩ,Buôn Ma Thuột,Tân Lợi,Đắk Lắk,Đại học,Nhà thuốc Long Châu,trung bình,độc thân,false,Việt Nam,Tày,Phật,sáng,đen,dài,false,false,2000,2024-10-02,0.78
p0379,Phạm Thị E,Nữ,45,40-50,bác sĩ,Bắc Giang,Trần Phú,Bắc Giang,Thạc sĩ,Phòng khám đa khoa,thấp,đã kết hôn,false,Việt Nam,Tày,Không,sáng,đen,dài,true,false,1979,2024-12-05,0.8
p0380,Phạm Thị E,Nữ,40,40-50,phóng viên,Huế,Phú Hội,Thừa Thiên Huế,Đại học,VnExpress,cao,đã kết hôn,false,Việt Nam,Nùng,Thiên Chúa,sáng,đen,xoăn,false,false,1984,2024-06-14,0.75
p0381,Phạm Thị E,Nữ,27,20-30,kế toán,Đà Nẵng,Ngũ Hành Sơn,Đà Nẵng,Đại học,Công ty Kế toán ABC,khá,góa,true,Việt Nam,Kinh,Phật,trung bình,đen,ngắn,false,false,1997,2024-11-28,0.97
p0382,Phạm Thị E,Nữ,35,30-40,y tá,Cà Mau,Phường 4,Cà Mau,Đại học,Bệnh viện đa khoa tỉnh,thấp,đã kết hôn,true,Việt Nam,Kinh,Không,trung bình,đen,xoăn,true,false,1989,2024-12-02,0.96
p0383,Phạm Thị E,Nữ,25,20-30,giáo viên,Đà Nẵng,Hải Châu,Đà Nẵng,Đại học,ĐH Quốc gia,thấp,độc thân,false,Việt Nam,Kinh,Phật,trung bình,đen,dài,true,false,1999,2024-02-11,0.8
p0384,Phạm Thị E,Nữ,27,20-30,công chức,Cao Bằng,Hợp Giang,Cao Bằng,Đại học,Sở Nội vụ,trung bình,đã kết hôn,true,Việt Nam,Tày,Thiên Chúa,tối,đen,xoăn,false,false,1997,2024-03-15,0.92
p0385,Phạm Thị E,Nữ,40,40-50,nhân viên bán hàng,Vũng Tàu,Phước Thắng,Bà Rịa-Vũng Tàu,Đại học,Siêu thị Co.opmart,thấp,đã kết hôn,true,Việt Nam,Kinh,Thiên Chúa,sáng,đen,dài,true,false,1984,2024-10-06,0.93
p0386,Phạm Thị E,Nữ,40,40-50,bác sĩ,Ninh Bình,Đông Thành,Ninh Bình,Đại học,Bệnh viện Chợ Rẫy,khá,đã kết hôn,true,Việt Nam,Tày,Thiên Chúa,trung bình,nâu,ngắn,false,false,1984,2024-01-24,0.85
p0387,Phạm Thị E,Nữ,47,40-50,dược sĩ,Cần Thơ,Ninh Kiều,Cần Thơ,Đại học,Nhà thuốc Pharmacity,trung bình,ly hôn,true,Việt Nam,Tày,Không,tối,nâu,dài,false,false,1977,2024-07-17,0.84
p0388,Phạm Thị E,Nữ,45,40-50,kế toán,Điện Biên Phủ,Mường Thanh,Điện Biên,Đại học,Công ty XNK,thấp,đã kết hôn,true,Việt Nam,Kinh,Không,trung bình,đen,dài,false,false,1979,2024-08-22,0.82
p0389,Phạm Thị E,Nữ,42,40-50,bác sĩ,Long Xuyên,Mỹ Bình,An Giang,Tiến sĩ,Bệnh viện Bạch Mai,khá,đã kết hôn,true,Việt Nam,Kinh,Không,sáng,nâu,dài,false,false,1982,2024-07-23,0.83
p0390,Phạm Thị E,Nữ,21,20-30,công chức,Nha Trang,Vĩnh Hải,Khánh Hòa,Đại học,Sở Tài chính,khá,độc thân,false,Việt Nam,Kinh,Thiên Chúa,sáng,đen,dài,false,false,2003,2024-01-04,0.84
p0391,Phạm Thị E,Nữ,34,30-40,giáo viên,Tam Kỳ,Phường An Mỹ,Quảng Nam,Đại học,Tiểu học Bình Minh,khá,đã kết hôn,true,Việt Nam,Khmer,Không,trung bình,đen,dài,false,false,1990,2024-12-25,0.88
p0392,Phạm Thị E,Nữ,50,50-60,dược sĩ,Thủ Dầu Một,Phú Thọ,Bình Dương,Thạc sĩ,BV Phụ sản TW,trung bình,góa,true,Việt Nam,Mường,Không,trung bình,đen,dài,false,false,1974,2024-08-23,0.87
p0393,Phạm Thị E,Nữ,46,40-50,nhân viên bán hàng,Sóc Trăng,Phường 2,Sóc Trăng,Đại học,Điện máy Xanh,trung bình,ly hôn,true,Việt Nam,Kinh,Không,tối,đen,xoăn,false,false,1978,2024-03-10,0.97
p0394,Phạm Thị E,Nữ,22,20-30,y tá,Hồ Chí Minh,Bình Thạnh,TP.HCM,Cao đẳng,Trạm Y tế xã,thấp,độc thân,false,Việt Nam,Khmer,Phật,sáng,xám,ngắn,false,false,2002,2024-08-12,0.85
p0395,Phạm Thị E,Nữ,43,40-50,giáo viên,Tuy Hòa,Phú Lâm,Phú Yên,Cao đẳng,Tiểu học Bình Minh,thấp,đã kết hôn,true,Việt Nam,Nùng,Thiên Chúa,trung bình,đen,dài,false,false,1981,2024-08-19,0.9
p0396,Phạm Thị E,Nữ,36,30-40,phóng viên,Hòa Bình,Phương Lâm,Hòa Bình,Đại học,VnExpress,trung bình,ly hôn,true,Việt Nam,Nùng,Không,trung bình,đen,dài,false,false,1988,2024-03-12,0.82
p0397,Phạm Thị E,Nữ,50,50-60,bác sĩ,Đà Nẵng,Hải Châu,Đà Nẵng,Thạc sĩ,Bệnh viện Chợ Rẫy,khá,góa,true,Việt Nam,Kinh,Thiên Chúa,trung bình,đen,ngắn,false,false,1974,2024-10-05,0.85
p0398,Phạm Thị E,Nữ,31,30-40,dược sĩ,Đà Nẵng,Thanh Khê,Đà Nẵng,Thạc sĩ,BV Phụ sản TW,khá,ly hôn,false,Việt Nam,Kinh,Không,trung bình,xám,dài,false,false,1993,2024-08-25,0.78
p0399,Phạm Thị E,Nữ,34,30-40,nhân viên văn phòng,Nam Định,Vị Hoàng,Nam Định,THPT,Công ty TNHH Thương mại,khá,ly hôn,true,Việt Nam,Mường,Phật,trung bình,đen,dài,true,false,1990,2024-10-24,0.96
p0400,Phạm Thị E,Nữ,34,30-40,kế toán,Thái Nguyên,Đồng Quang,Thái Nguyên,Thạc sĩ,Công ty XNK,thấp,đã kết hôn,true,Việt Nam,Kinh,Phật,trung bình,nâu,dài,false,false,1990,2024-10-17,0.8
p0401,Phạm Thị E,Nữ,49,40-50,nhân viên bán hàng,Yên Bái,Yên Thịnh,Yên Bái,THPT,Siêu thị Co.opmart,trung bình,đã kết hôn,true,Việt Nam,Mường,Không,sáng,đen,ngắn,false,false,1975,2024-11-12,0.84
p0402,Phạm Thị E,Nữ,42,40-50,công chức,Bắc Giang,Trần Phú,Bắc Giang,Đại học,Sở Tài chính,thấp,đã kết hôn,true,Việt Nam,Khmer,Không,trung bình,đen,ngắn,true,false,1982,2024-08-10,0.79
p0403,Phạm Thị E,Nữ,43,40-50,công chức,Hải Dương,Cẩm Thượng,Hải Dương,Cao đẳng,UBND Quận,trung bình,độc thân,false,Việt Nam,Kinh,Không,sáng,đen,xoăn,true,false,1981,2024-02-01,0.84
p0404,Phạm Thị E,Nữ,49,40-50,công chức,Huế,Phú Hội,Thừa Thiên Huế,Đại học,Sở Nội vụ,khá,đã kết hôn,false,Việt Nam,Nùng,Thiên Chúa,sáng,đen,dài,false,false,1975,2024-10-10,0.86
p0405,Phạm Thị E,Nữ,43,40-50,dược sĩ,Long Xuyên,Mỹ Bình,An Giang,Thạc sĩ,Nhà thuốc Long Châu,trung bình,đã kết hôn,true,Việt Nam,Kinh,Không,trung bình,đen,dài,false,false,1981,2024-12-21,0.81
p0406,Phạm Thị E,Nữ,23,20-30,nhân viên bán hàng,Lạng Sơn,Vĩnh Trại,Lạng Sơn,Tiến sĩ,Điện máy Xanh,thấp,độc thân,false,Việt Nam,Tày,Không,trung bình,đen,xoăn,false,false,2001,2024-06-17,0.92
p0407,Phạm Thị E,Nữ,20,20-30,nhân viên bán hàng,Bắc Giang,Trần Phú,Bắc Giang,Đại học,Siêu thị Co.opmart,thấp,độc thân,false,Việt Nam,Khmer,Thiên Chúa,trung bình,đen,ngắn,false,false,2004,2024-01-10,0.82
p0408,Phạm Thị E,Nữ,40,40-50,kế toán,Nam Định,Vị Hoàng,Nam Định,Thạc sĩ,Nhà máy dệt may,trung bình,độc thân,false,Việt Nam,Khmer,Thiên Chúa,trung bình,đen,xoăn,true,false,1984,2024-05-22,0.91
p0409,Phạm Thị E,Nữ,31,30-40,phóng viên,Hồ Chí Minh,Bình Thạnh,TP.HCM,Thạc sĩ,Báo Tuổi Trẻ,thấp,đã kết hôn,true,Việt Nam,Kinh,Phật,trung bình,đen,xoăn,false,false,1993,2024-04-26,0.96
p0410,Phạm Thị E,Nữ,39,30-40,phóng viên,Thủ Dầu Một,Phú Thọ,Bình Dương,Đại học,Báo Nhân Dân,cao,đã kết hôn,false,Việt Nam,Tày,Thiên Chúa,sáng,đen,dài,false,false,1985,2024-03-23,0.82
p0411,Phạm Thị E,Nữ,43,40-50,kế toán,Sơn La,Tô Hiệu,Sơn La,Cao đẳng,Nhà máy dệt may,khá,đã kết hôn,true,Việt Nam,Kinh,Không,sáng,xám,dài,true,false,1981,2024-01-25,0.86
p0412,Phạm Thị E,Nữ,33,30-40,dược sĩ,Hà Nội,Cầu Giấy,Hà Nội,THPT,Nhà thuốc Long Châu,khá,đã kết hôn,true,Việt Nam,Kinh,Không,tối,đen,dài,false,false,1991,2024-10-07,0.89
p0413,Phạm Thị E,Nữ,26,20-30,nhân viên văn phòng,Đà Nẵng,Thanh Khê,Đà Nẵng,THPT,Công ty TNHH Thương mại,khá,ly hôn,true,Việt Nam,Kinh,Không,sáng,đen,dài,true,false,1998,2024-02-27,0.88
p0414,Phạm Thị E,Nữ,20,20-30,dược sĩ,Trà Vinh,Phường 1,Trà Vinh,Cao đẳng,BV Phụ sản TW,trung bình,đã kết hôn,false,Việt Nam,Mường,Không,trung bình,xám,ngắn,false,false,2004,2024-06-23,0.89
p0415,Phạm Thị E,Nữ,34,30-40,kế toán,Bảo Lộc,Lộc Phát,Lâm Đồng,Thạc sĩ,Nhà máy dệt may,cao,đã kết hôn,true,Việt Nam,Mường,Phật,trung bình,nâu,dài,false,false,1990,2024-08-25,0.83
p0416,Phạm Thị E,Nữ,29,20-30,giáo viên,Bạc Liêu,Phường 3,Bạc Liêu,Đại học,THPT Lý Thường Kiệt,thấp,độc thân,false,Việt Nam,Mường,Không,trung bình,đen,xoăn,false,false,1995,2024-05-28,0.85
p0417,Phạm Thị E,Nữ,47,40-50,nhà thiết kế,Hà Nội,Bắc Từ Liêm,Hà Nội,Đại học,Freelancer,thấp,đã kết hôn,true,Việt Nam,Tày,Không,trung bình,đen,dài,false,false,1977,2024-12-19,0.97
p0418,Phạm Thị E,Nữ,43,40-50,y tá,Nam Định,Vị Hoàng,Nam Định,Đại học,Bệnh viện đa khoa tỉnh,thấp,đã kết hôn,true,Việt Nam,Nùng,Thiên Chúa,trung bình,đen,dài,false,false,1981,2024-11-13,0.83
p0419,Phạm Thị E,Nữ,41,40-50,công chức,Đông Hà,Phường 1,Quảng Trị,Đại học,UBND Quận,thấp,đã kết hôn,false,Việt Nam,Khmer,Không,trung bình,đen,xoăn,false,false,1983,2024-02-16,0.91
p0420,Phạm Thị E,Nữ,25,20-30,bác sĩ,Đà Lạt,Phường 1,Lâm Đồng,Cao đẳng,Bệnh viện C Đà Nẵng,cao,độc thân,false,Việt Nam,Kinh,Thiên Chúa,sáng,nâu,dài,true,false,1999,2024-11-16,0.86
p0421,Phạm Thị E,Nữ,28,20-30,nhân viên văn phòng,Sóc Trăng,Phường 2,Sóc Trăng,Đại học,Công ty CP XD,cao,độc thân,false,Việt Nam,Tày,Không,trung bình,xám,dài,false,false,1996,2024-08-02,0.76
p0422,Phạm Thị E,Nữ,37,30-40,nhân viên bán hàng,Phan Rang,Đô Vinh,Ninh Thuận,Cao đẳng,Thế Giới Di Động,trung bình,đã kết hôn,true,Việt Nam,Mường,Không,trung bình,đen,dài,false,false,1987,2024-08-18,0.95
p0423,Phạm Thị E,Nữ,36,30-40,công chức,Hà Nội,Thanh Xuân,Hà Nội,Đại học,Sở Tài chính,cao,đã kết hôn,true,Việt Nam,Nùng,Thiên Chúa,tối,đen,ngắn,false,false,1988,2024-06-26,0.92
p0424,Phạm Thị E,Nữ,20,20-30,nhân viên văn phòng,Lạng Sơn,Vĩnh Trại,Lạng Sơn,THPT,Tập đoàn Vingroup,trung bình,độc thân,false,Việt Nam,Mường,Không,trung bình,đen,ngắn,false,false,2004,2024-12-03,0.95
p0425,Phạm Thị E,Nữ,23,20-30,y tá,Thái Nguyên,Đồng Quang,Thái Nguyên,Đại học,Bệnh viện đa khoa tỉnh,thấp,độc thân,false,Việt Nam,Tày,Không,trung bình,đen,dài,false,false,2001,2024-06-13,0.88
p0426,Phạm Thị E,Nữ,30,30-40,kế toán,Hà Tĩnh,Trần Phú,Hà Tĩnh,Cao đẳng,Công ty XNK,khá,độc thân,false,Việt Nam,Kinh,Không,trung bình,nâu,dài,false,false,1994,2024-04-16,0.9
p0427,Phạm Thị E,Nữ,45,40-50,phóng viên,Hà Nội,Bắc Từ Liêm,Hà Nội,Đại học,VTV,thấp,góa,true,Việt Nam,Kinh,Thiên Chúa,sáng,đen,ngắn,true,false,1979,2024-05-03,0.88
p0428,Phạm Thị E,Nữ,36,30-40,công chức,Rạch Giá,Vĩnh Bảo,Kiên Giang,Đại học,Sở Nội vụ,thấp,đã kết hôn,true,Việt Nam,Kinh,Không,sáng,đen,dài,false,false,1988,2024-11-25,0.88
p0429,Phạm Thị E,Nữ,48,40-50,phóng viên,Hà Nội,Đống Đa,Hà Nội,Đại học,VTV,trung bình,ly hôn,true,Việt Nam,Nùng,Không,trung bình,xám,dài,false,false,1976,2024-10-24,0.89
p0430,Phạm Thị E,Nữ,36,30-40,nhân viên văn phòng,Đà Nẵng,Ngũ Hành Sơn,Đà Nẵng,Cao đẳng,Tập đoàn Vingroup,trung bình,đã kết hôn,true,Việt Nam,Kinh,Không,trung bình,đen,xoăn,false,false,1988,2024-05-27,0.82
p0431,Phan Văn P,Nam,35,30-40,kinh doanh,Quy Nhơn,Lý Thường Kiệt,Bình Định,Cao đẳng,Tập đoàn TH True Milk,thấp,đã kết hôn,true,Việt Nam,Kinh,Phật,trung bình,xám,ngắn,false,true,1989,2024-01-09,0.93
p0432,Trịnh Văn O,Nam,31,30-40,giáo viên,Tuy Hòa,Phú Lâm,Phú Yên,Thạc sĩ,ĐH Quốc gia,thấp,đã kết hôn,true,Việt Nam,Kinh,Không,sáng,đen,xoăn,false,true,1993,2024-12-27,0.78
p0433,Trịnh Văn O,Nam,27,20-30,quản lý,Trà Vinh,Phường 1,Trà Vinh,Đại học,Nhà hàng Ánh Sao,cao,độc thân,false,Việt Nam,Khmer,Phật,sáng,nâu,ngắn,false,false,1997,2024-07-07,0.78
p0434,Đỗ Văn K,Nam,48,40-50,nông dân,Pleiku,Yên Thế,Gia Lai,THPT,Hộ gia đình,trung bình,đã kết hôn,false,Việt Nam,Kinh,Thiên Chúa,trung bình,đen,ngắn,true,false,1976,2024-08-23,0.83
p0435,Phan Văn P,Nam,22,20-30,giáo viên,Hòa Bình,Phương Lâm,Hòa Bình,Đại học,THCS Trần Phú,trung bình,độc thân,false,Việt Nam,Tày,Không,trung bình,xám,ngắn,false,false,2002,2024-01-13,0.96
p0436,Hà Thị U,Nữ,25,20-30,dược sĩ,Nam Định,Vị Hoàng,Nam Định,Cao đẳng,Nhà thuốc Pharmacity,khá,ly hôn,false,Việt Nam,Kinh,Thiên Chúa,trung bình,nâu,dài,false,false,1999,2024-02-27,0.93
p0437,Ngô Văn M,Nam,41,40-50,nhân viên ngân hàng,Tây Ninh,Phường 1,Tây Ninh,Thạc sĩ,Vietcombank,cao,đã kết hôn,true,Việt Nam,Kinh,Phật,trung bình,nâu,ngắn,false,false,1983,2024-11-15,0.93
p0438,Ngô Văn M,Nam,32,30-40,công nhân,Quảng Ngãi,Nghĩa Lộ,Quảng Ngãi,Đại học,Khu công nghiệp Amata,thấp,độc thân,false,Việt Nam,Tày,Thiên Chúa,trung bình,nâu,ngắn,false,false,1992,2024-08-16,0.95
p0439,Đặng Văn H,Nam,57,50-60,y tá,Sơn La,Tô Hiệu,Sơn La,Cao đẳng,Trạm Y tế xã,trung bình,đã kết hôn,true,Việt Nam,Mường,Phật,tối,xám,xoăn,true,false,1967,2024-02-15,0.8
p0440,Mai Thị S,Nữ,23,20-30,bác sĩ,Quy Nhơn,Lý Thường Kiệt,Bình Định,Đại học,Phòng khám đa khoa,trung bình,ly hôn,false,Việt Nam,Nùng,Không,sáng,đen,ngắn,false,false,2001,2024-11-16,0.78
p0441,Cao Thị T,Nữ,37,30-40,nhà thiết kế,Nha Trang,Vĩnh Hải,Khánh Hòa,Cao đẳng,Công ty quảng cáo,khá,đã kết hôn,true,Việt Nam,Kinh,Không,sáng,đen,dài,false,false,1987,2024-05-09,0.8
p0442,Bùi Văn I,Nam,43,40-50,nhân viên bán hàng,Đồng Hới,Đồng Phú,Quảng Bình,THPT,Siêu thị Co.opmart,thấp,đã kết hôn,true,Việt Nam,Kinh,Không,trung bình,đen,ngắn,false,true,1981,2024-01-11,0.96
p0443,Đinh Văn L,Nam,58,50-60,tài xế,Ninh Bình,Đông Thành,Ninh Bình,THPT,Hãng taxi Mai Linh,trung bình,đã kết hôn,true,Việt Nam,Kinh,Thiên Chúa,trung bình,xám,ngắn,false,true,1966,2024-03-17,0.86
p0444,Dương Văn N,Nam,28,20-30,y tá,Hồ Chí Minh,Quận 1,TP.HCM,Đại học,Phòng khám nhi,thấp,độc thân,false,Việt Nam,Tày,Thiên Chúa,sáng,đen,xoăn,true,true,1996,2024-05-20,0.94
p0445,Trương Thị Y,Nữ,40,40-50,y tá,Phan Thiết,Phú Trinh,Bình Thuận,Thạc sĩ,Trạm Y tế xã,trung bình,ly hôn,true,Việt Nam,Kinh,Phật,tối,đen,dài,false,false,1984,2024-03-02,0.86
p0446,Dương Văn N,Nam,47,40-50,nhân viên văn phòng,Hồ Chí Minh,Quận 3,TP.HCM,Đại học,Công ty TNHH Thương mại,cao,đã kết hôn,true,Việt Nam,Kinh,Phật,sáng,đen,ngắn,false,false,1977,2024-03-24,0.87
p0447,Phan Văn P,Nam,33,30-40,công chức,Đồng Hới,Đồng Phú,Quảng Bình,Thạc sĩ,Cục Thuế,trung bình,ly hôn,false,Việt Nam,Kinh,Không,trung bình,đen,ngắn,true,false,1991,2024-06-19,0.96
p0448,Đinh Văn L,Nam,29,20-30,kỹ sư xây dựng,Hà Nội,Đống Đa,Hà Nội,Thạc sĩ,Công ty TNHH Cơ điện,khá,đã kết hôn,true,Việt Nam,Kinh,Phật,trung bình,đen,xoăn,true,true,1995,2024-04-28,0.76
p0449,Tô Thị V,Nữ,23,20-30,kế toán,Cao Bằng,Hợp Giang,Cao Bằng,THPT,Công ty XNK,trung bình,độc thân,false,Việt Nam,Tày,Không,trung bình,đen,ngắn,false,false,2001,2024-05-21,0.92
p0450,Võ Thị R,Nữ,39,30-40,công chức,Cà Mau,Phường 4,Cà Mau,Thạc sĩ,Sở Tài chính,khá,đã kết hôn,false,Việt Nam,Kinh,Không,trung bình,đen,dài,false,false,1985,2024-02-25,0.85
p0451,Đặng Văn H,Nam,47,40-50,nhân viên ngân hàng,Quảng Ngãi,Nghĩa Lộ,Quảng Ngãi,THPT,Vietcombank,khá,đã kết hôn,false,Việt Nam,Kinh,Không,trung bình,đen,ngắn,false,false,1977,2024-07-03,0.96
p0452,Đặng Văn H,Nam,28,20-30,công nhân,Bảo Lộc,Lộc Phát,Lâm Đồng,Đại học,Khu công nghiệp Thăng Long,thấp,độc thân,false,Việt Nam,Khmer,Thiên Chúa,sáng,đen,ngắn,false,false,1996,2024-06-09,0.88
p0453,Lý Thị Q,Nữ,27,20-30,nhà thiết kế,Cao Bằng,Hợp Giang,Cao Bằng,Thạc sĩ,Agency sáng tạo,khá,độc thân,false,Việt Nam,Nùng,Không,trung bình,đen,dài,true,false,1997,2024-10-26,0.81
p0454,Mai Thị S,Nữ,33,30-40,kế toán,Đà Nẵng,Thanh Khê,Đà Nẵng,Thạc sĩ,Siêu thị Big C,thấp,đã kết hôn,false,Việt Nam,Nùng,Không,sáng,đen,dài,false,false,1991,2024-05-20,0.94
p0455,Kiều Thị W,Nữ,39,30-40,y tá,Hồ Chí Minh,Quận 1,TP.HCM,THPT,Bệnh viện đa khoa tỉnh,thấp,độc thân,false,Việt Nam,Khmer,Phật,tối,nâu,ngắn,false,false,1985,2024-07-27,0.89
p0456,Cao Thị T,Nữ,25,20-30,nhà thiết kế,Vinh,Hưng Dũng,Nghệ An,Đại học,Agency sáng tạo,thấp,độc thân,false,Việt Nam,Nùng,Không,sáng,đen,xoăn,false,false,1999,2024-10-08,0.8
p0457,Kiều Thị W,Nữ,23,20-30,giáo viên,Thái Nguyên,Đồng Quang,Thái Nguyên,Đại học,THPT Lý Thường Kiệt,khá,ly hôn,false,Việt Nam,Kinh,Không,tối,đen,dài,false,false,2001,2024-08-13,0.86
p0458,Lưu Thị Z,Nữ,51,50-60,giáo viên,Hải Phòng,Ngô Quyền,Hải Phòng,THPT,CĐ Kinh tế,trung bình,đã kết hôn,true,Việt Nam,Mường,Thiên Chúa,trung bình,xám,xoăn,false,false,1973,2024-08-23,0.85
p0459,Bùi Văn I,Nam,50,50-60,nhân viên bán hàng,Vũng Tàu,Phước Thắng,Bà Rịa-Vũng Tàu,Đại học,Siêu thị Co.opmart,trung bình,đã kết hôn,true,Việt Nam,Tày,Không,tối,đen,ngắn,true,true,1974,2024-11-21,0.92
p0460,Mai Thị S,Nữ,59,50-60,nhân viên bán hàng,Hải Phòng,Lê Chân,Hải Phòng,Thạc sĩ,Thế Giới Di Động,trung bình,đã kết hôn,false,Việt Nam,Tày,Thiên Chúa,trung bình,xám,ngắn,false,false,1965,2024-04-07,0.88
p0461,Tô Thị V,Nữ,36,30-40,y tá,Vũng Tàu,Phước Thắng,Bà Rịa-Vũng Tàu,Thạc sĩ,Bệnh viện đa khoa tỉnh,khá,độc thân,false,Việt Nam,Kinh,Không,sáng,đen,dài,false,false,1988,2024-05-11,0.93
p0462,Trương Thị Y,Nữ,37,30-40,y tá,Hải Dương,Cẩm Thượng,Hải Dương,Thạc sĩ,Phòng khám nhi,trung bình,đã kết hôn,false,Việt Nam,Kinh,Không,tối,nâu,xoăn,true,false,1987,2024-09-02,0.87
p0463,Vũ Văn G,Nam,33,30-40,dược sĩ,Thái Bình,Bồ Xuyên,Thái Bình,Thạc sĩ,Nhà thuốc Long Châu,khá,đã kết hôn,true,Việt Nam,Kinh,Không,tối,đen,ngắn,false,true,1991,2024-07-25,0.93
p0464,Dương Văn N,Nam,41,40-50,phóng viên,Nha Trang,Vĩnh Hải,Khánh Hòa,THPT,VTV,trung bình,đã kết hôn,true,Việt Nam,Nùng,Không,trung bình,đen,ngắn,false,false,1983,2024-07-14,0.96
p0465,Trương Thị Y,Nữ,43,40-50,giáo viên,Ninh Bình,Đông Thành,Ninh Bình,Cao đẳng,ĐH Quốc gia,thấp,đã kết hôn,true,Việt Nam,Kinh,Không,sáng,đen,xoăn,false,false,1981,2024-01-22,0.96
p0466,Phan Văn P,Nam,23,20-30,phóng viên,Quảng Ngãi,Nghĩa Lộ,Quảng Ngãi,Đại học,Báo Tuổi Trẻ,khá,độc thân,false,Việt Nam,Mường,Phật,tối,đen,ngắn,true,false,2001,2024-12-13,0.85
p0467,Trịnh Văn O,Nam,59,50-60,tài xế,Lào Cai,Lào Cai,Lào Cai,Đại học,Xe khách liên tỉnh,khá,ly hôn,true,Việt Nam,Khmer,Phật,sáng,xám,ngắn,false,false,1965,2024-09-18,0.82
p0468,Trịnh Văn O,Nam,39,30-40,y tá,Trà Vinh,Phường 1,Trà Vinh,Cao đẳng,Phòng khám nhi,thấp,đã kết hôn,true,Việt Nam,Kinh,Thiên Chúa,sáng,nâu,ngắn,false,true,1985,2024-05-21,0.87
p0469,Vũ Văn G,Nam,48,40-50,quản lý,Vinh,Hưng Dũng,Nghệ An,THPT,Nhà hàng Ánh Sao,khá,đã kết hôn,true,Việt Nam,Kinh,Thiên Chúa,trung bình,đen,xoăn,true,true,1976,2024-05-10,0.9
p0470,Lưu Thị Z,Nữ,28,20-30,công chức,Tây Ninh,Phường 1,Tây Ninh,Thạc sĩ,Cục Thuế,thấp,đã kết hôn,false,Việt Nam,Tày,Không,trung bình,đen,ngắn,false,false,1996,2024-02-02,0.85
p0471,Bùi Văn I,Nam,48,40-50,dược sĩ,Hà Nội,Bắc Từ Liêm,Hà Nội,Đại học,BV Phụ sản TW,trung bình,đã kết hôn,true,Việt Nam,Tày,Không,sáng,đen,ngắn,true,false,1976,2024-03-05,0.87
p0472,Dương Văn N,Nam,28,20-30,phóng viên,Tây Ninh,Phường 1,Tây Ninh,Đại học,Báo Nhân Dân,trung bình,độc thân,false,Việt Nam,Kinh,Không,sáng,đen,xoăn,true,false,1996,2024-06-19,0.82
p0473,Võ Thị R,Nữ,43,40-50,nhân viên văn phòng,Vinh,Hưng Dũng,Nghệ An,Đại học,Tập đoàn Vingroup,thấp,đã kết hôn,true,Việt Nam,Kinh,Không,trung bình,xám,dài,false,false,1981,2024-01-04,0.88
p0474,Hoàng Văn F,Nam,46,40-50,quản lý,Rạch Giá,Vĩnh Bảo,Kiên Giang,Đại học,Khách sạn Mường Thanh,cao,đã kết hôn,true,Việt Nam,Tày,Không,trung bình,đen,ngắn,false,false,1978,2024-03-28,0.92
p0475,Phan Văn P,Nam,59,50-60,kiến trúc sư,Pleiku,Yên Thế,Gia Lai,Thạc sĩ,Cty Thiết kế Kiến trúc,khá,độc thân,false,Việt Nam,Kinh,Không,trung bình,xám,ngắn,false,false,1965,2024-10-21,0.93
p0476,Trương Thị Y,Nữ,27,20-30,phóng viên,Tuy Hòa,Phú Lâm,Phú Yên,Cao đẳng,Báo Nhân Dân,khá,đã kết hôn,false,Việt Nam,Kinh,Phật,trung bình,đen,dài,true,false,1997,2024-01-09,0.93
p0477,Phan Văn P,Nam,48,40-50,nhà thiết kế,Hồ Chí Minh,Quận 1,TP.HCM,Đại học,Freelancer,trung bình,đã kết hôn,true,Việt Nam,Kinh,Không,sáng,đen,ngắn,false,false,1976,2024-02-18,0.79
p0478,Đỗ Văn K,Nam,25,20-30,công nhân,Hồ Chí Minh,Bình Chánh,TP.HCM,Đại học,Khu công nghiệp Amata,thấp,ly hôn,false,Việt Nam,Kinh,Thiên Chúa,sáng,đen,ngắn,false,false,1999,2024-07-27,0.96
p0479,Bùi Văn I,Nam,58,50-60,kinh doanh,Đồng Hới,Đồng Phú,Quảng Bình,Đại học,Chợ đầu mối,trung bình,góa,true,Việt Nam,Khmer,Phật,sáng,xám,ngắn,false,false,1966,2024-01-09,0.88
p0480,Võ Thị R,Nữ,35,30-40,phóng viên,Lạng Sơn,Vĩnh Trại,Lạng Sơn,Đại học,VTV,trung bình,độc thân,false,Việt Nam,Kinh,Phật,trung bình,đen,xoăn,false,false,1989,2024-09-14,0.97
p0481,Lý Thị Q,Nữ,20,20-30,nhà thiết kế,Sơn La,Tô Hiệu,Sơn La,Đại học,Freelancer,cao,độc thân,false,Việt Nam,Tày,Thiên Chúa,tối,đen,dài,true,false,2004,2024-11-07,0.88
p0482,Lý Thị Q,Nữ,30,30-40,phóng viên,Cao Bằng,Hợp Giang,Cao Bằng,Đại học,Báo Nhân Dân,trung bình,độc thân,false,Việt Nam,Mường,Thiên Chúa,sáng,đen,dài,false,false,1994,2024-11-11,0.9
p0483,Quách Thị X,Nữ,37,30-40,nhân viên văn phòng,Cần Thơ,Ninh Kiều,Cần Thơ,Cao đẳng,Tập đoàn Vingroup,cao,đã kết hôn,true,Việt Nam,Kinh,Phật,sáng,xám,dài,false,false,1987,2024-07-18,0.96
p0484,Kiều Thị W,Nữ,54,50-60,kế toán,Hồ Chí Minh,Quận 1,TP.HCM,Thạc sĩ,Công ty Kế toán ABC,khá,đã kết hôn,false,Việt Nam,Tày,Phật,tối,xám,dài,false,false,1970,2024-12-01,0.78
p0485,Bùi Văn I,Nam,48,40-50,kinh doanh,Hà Nội,Hoàn Kiếm,Hà Nội,Thạc sĩ,Tập đoàn TH True Milk,khá,đã kết hôn,false,Việt Nam,Kinh,Không,tối,đen,dài,true,false,1976,2024-05-16,0.96
p0486,Cao Thị T,Nữ,20,20-30,công chức,Đà Nẵng,Ngũ Hành Sơn,Đà Nẵng,Thạc sĩ,UBND Phường,trung bình,độc thân,false,Việt Nam,Mường,Phật,trung bình,đen,dài,false,false,2004,2024-02-19,0.78
p0487,Đỗ Văn K,Nam,56,50-60,kinh doanh,Bắc Giang,Trần Phú,Bắc Giang,Cao đẳng,Vinmart,khá,góa,true,Việt Nam,Tày,Không,trung bình,xám,ngắn,false,false,1968,2024-06-14,0.94
p0488,Vũ Văn G,Nam,53,50-60,nhân viên văn phòng,Long Xuyên,Mỹ Bình,An Giang,Đại học,Tập đoàn Vingroup,thấp,đã kết hôn,false,Việt Nam,Kinh,Không,tối,xám,ngắn,false,false,1971,2024-10-26,0.76
p0489,Kiều Thị W,Nữ,24,20-30,dược sĩ,Thái Bình,Bồ Xuyên,Thái Bình,Cao đẳng,Nhà thuốc Long Châu,trung bình,độc thân,false,Việt Nam,Khmer,Thiên Chúa,sáng,đen,xoăn,false,false,2000,2024-05-08,0.77
p0490,Đinh Văn L,Nam,23,20-30,y tá,Sơn La,Tô Hiệu,Sơn La,Thạc sĩ,Phòng khám nhi,khá,độc thân,false,Việt Nam,Kinh,Không,trung bình,nâu,ngắn,false,false,2001,2024-07-11,0.95
p0491,Mai Thị S,Nữ,23,20-30,nhà thiết kế,Thái Bình,Bồ Xuyên,Thái Bình,Đại học,Agency sáng tạo,khá,độc thân,false,Việt Nam,Kinh,Không,trung bình,đen,dài,false,false,2001,2024-04-28,0.89
p0492,Lý Thị Q,Nữ,49,40-50,nhà thiết kế,Đà Lạt,Phường 1,Lâm Đồng,Thạc sĩ,Công ty quảng cáo,khá,đã kết hôn,true,Việt Nam,Kinh,Không,trung bình,đen,dài,false,false,1975,2024-10-23,0.77
p0493,Cao Thị T,Nữ,56,50-60,phóng viên,Hồ Chí Minh,Tân Bình,TP.HCM,Đại học,Báo Tuổi Trẻ,trung bình,đã kết hôn,false,Việt Nam,Mường,Không,sáng,xám,ngắn,false,false,1968,2024-09-21,0.92
p0494,Trịnh Văn O,Nam,29,20-30,nhân viên văn phòng,Hồ Chí Minh,Bình Chánh,TP.HCM,Đại học,Tập đoàn Vingroup,trung bình,ly hôn,true,Việt Nam,Kinh,Không,trung bình,đen,ngắn,false,true,1995,2024-06-07,0.97
p0495,Cao Thị T,Nữ,24,20-30,dược sĩ,Thái Nguyên,Đồng Quang,Thái Nguyên,Đại học,BV Phụ sản TW,khá,độc thân,false,Việt Nam,Kinh,Không,trung bình,nâu,dài,false,false,2000,2024-06-06,0.77
p0496,Lý Thị Q,Nữ,51,50-60,giáo viên,Hải Phòng,Ngô Quyền,Hải Phòng,Đại học,THCS Trần Phú,trung bình,đã kết hôn,true,Việt Nam,Tày,Phật,trung bình,xám,xoăn,true,false,1973,2024-07-06,0.94
p0497,Hoàng Văn F,Nam,24,20-30,công chức,Vũng Tàu,Phước Thắng,Bà Rịa-Vũng Tàu,Cao đẳng,Cục Thuế,trung bình,độc thân,false,Việt Nam,Kinh,Phật,trung bình,nâu,ngắn,false,false,2000,2024-05-24,0.79
p0498,Cao Thị T,Nữ,31,30-40,giáo viên,Đà Nẵng,Ngũ Hành Sơn,Đà Nẵng,Thạc sĩ,THCS Trần Phú,cao,độc thân,false,Việt Nam,Kinh,Thiên Chúa,trung bình,đen,dài,false,false,1993,2024-08-08,0.84
p0499,Đặng Văn H,Nam,53,50-60,tài xế,Điện Biên Phủ,Mường Thanh,Điện Biên,Thạc sĩ,Xe khách liên tỉnh,thấp,đã kết hôn,true,Việt Nam,Mường,Không,trung bình,xám,ngắn,false,false,1971,2024-11-08,0.96
p0500,Lưu Thị Z,Nữ,32,30-40,phóng viên,Bắc Giang,Trần Phú,Bắc Giang,Thạc sĩ,Báo Tuổi Trẻ,trung bình,độc thân,false,Việt Nam,Tày,Phật,trung bình,nâu,xoăn,true,false,1992,2024-12-03,0.93
